Order ID,Order Date,Year,Month,Month-Year,Customer ID,Customer Name,Region,Category,Product,Quantity,Unit Price ($),Total Amount ($),Payment Method,Status
ORD-2025001,24-11-2025,2025,Nov,2025-11,CUST-1002,Priya Patel,West,Electronics,Wireless Headphones,2,354.28,708.56,Credit Card,Completed
ORD-2025002,07-10-2025,2025,Oct,2025-10,CUST-1002,Priya Patel,West,Books & Media,Python Programming Book,2,11.49,22.98,UPI,Completed
ORD-2025003,14-01-2025,2025,Jan,2025-01,CUST-1009,Amit Joshi,West,Clothing,Hoodie,4,59.05,236.2,Net Banking,Completed
ORD-2025004,04-01-2025,2025,Jan,2025-01,CUST-1003,Rohan Verma,North,Books & Media,Sci-Fi Novel,2,23.89,47.78,Net Banking,Completed
ORD-2025005,14-07-2025,2025,Jul,2025-07,CUST-1002,Priya Patel,West,Home & Kitchen,Air Fryer,1,223.19,223.19,Debit Card,Completed
ORD-2025006,13-07-2025,2025,Jul,2025-07,CUST-1002,Priya Patel,West,Home & Kitchen,Ergonomic Chair,3,313.34,940.02,UPI,Completed
ORD-2025007,24-01-2025,2025,Jan,2025-01,CUST-1004,Ananya Iyer,South,Home & Kitchen,Coffee Maker,1,303.7,303.7,Debit Card,Completed
ORD-2025008,22-11-2025,2025,Nov,2025-11,CUST-1006,Neha Gupta,East,Clothing,Cotton T-Shirt,3,52.3,156.9,Credit Card,Completed
ORD-2025009,29-03-2025,2025,Mar,2025-03,CUST-1009,Amit Joshi,West,Clothing,Running Shoes,3,63.54,190.62,UPI,Completed
ORD-2025010,29-01-2025,2025,Jan,2025-01,CUST-1004,Ananya Iyer,South,Electronics,Wireless Headphones,1,529.3,529.3,UPI,Pending
ORD-2025011,18-10-2025,2025,Oct,2025-10,CUST-1006,Neha Gupta,East,Clothing,Leather Belt,4,56.54,226.16,UPI,Completed
ORD-2025012,07-05-2025,2025,May,2025-05,CUST-1009,Amit Joshi,West,Home & Kitchen,Ergonomic Chair,5,167.1,835.5,Debit Card,Completed
ORD-2025013,12-03-2025,2025,Mar,2025-03,CUST-1009,Amit Joshi,West,Books & Media,Python Programming Book,1,47.79,47.79,UPI,Completed
ORD-2025014,15-12-2025,2025,Dec,2025-12,CUST-1007,Siddharth Rao,South,Electronics,Smartwatch,4,507.41,2029.64,Net Banking,Cancelled
ORD-2025015,06-01-2025,2025,Jan,2025-01,CUST-1002,Priya Patel,West,Home & Kitchen,Air Fryer,4,65.7,262.8,UPI,Completed
ORD-2025016,15-05-2025,2025,May,2025-05,CUST-1009,Amit Joshi,West,Clothing,Hoodie,3,110.83,332.49,UPI,Completed
ORD-2025017,24-03-2025,2025,Mar,2025-03,CUST-1009,Amit Joshi,West,Electronics,4K Monitor,1,443.05,443.05,Credit Card,Pending
ORD-2025018,07-06-2025,2025,Jun,2025-06,CUST-1004,Ananya Iyer,South,Electronics,Smartphone,1,1063.37,1063.37,Credit Card,Completed
ORD-2025019,05-02-2025,2025,Feb,2025-02,CUST-1009,Amit Joshi,West,Clothing,Running Shoes,5,84.27,421.35,UPI,Completed
ORD-2025020,07-11-2025,2025,Nov,2025-11,CUST-1007,Siddharth Rao,South,Clothing,Hoodie,2,94.3,188.6,Net Banking,Completed
ORD-2025021,10-12-2025,2025,Dec,2025-12,CUST-1006,Neha Gupta,East,Books & Media,Audiobook Subscription,2,32.57,65.14,UPI,Completed
ORD-2025022,11-01-2025,2025,Jan,2025-01,CUST-1010,Sneha Kulkarni,West,Clothing,Hoodie,1,38.12,38.12,Credit Card,Completed
ORD-2025023,17-01-2025,2025,Jan,2025-01,CUST-1006,Neha Gupta,East,Electronics,4K Monitor,4,346.57,1386.28,UPI,Completed
ORD-2025024,20-10-2025,2025,Oct,2025-10,CUST-1010,Sneha Kulkarni,West,Books & Media,Data Science Handbook,4,49.23,196.92,UPI,Completed
ORD-2025025,04-12-2025,2025,Dec,2025-12,CUST-1007,Siddharth Rao,South,Home & Kitchen,Desk Lamp,1,161.55,161.55,Credit Card,Completed
ORD-2025026,23-06-2025,2025,Jun,2025-06,CUST-1002,Priya Patel,West,Clothing,Running Shoes,4,34.97,139.88,UPI,Completed
ORD-2025027,23-05-2025,2025,May,2025-05,CUST-1008,Pooja Mukherjee,East,Clothing,Denim Jacket,5,61.53,307.65,Credit Card,Completed
ORD-2025028,04-10-2025,2025,Oct,2025-10,CUST-1001,Aarav Sharma,North,Electronics,Smartphone,4,266.27,1065.08,Debit Card,Completed
ORD-2025029,25-07-2025,2025,Jul,2025-07,CUST-1001,Aarav Sharma,North,Clothing,Leather Belt,4,15.23,60.92,Net Banking,Pending
ORD-2025030,21-08-2025,2025,Aug,2025-08,CUST-1005,Vikram Singh,West,Books & Media,Audiobook Subscription,4,43.09,172.36,UPI,Completed
ORD-2025031,22-04-2025,2025,Apr,2025-04,CUST-1001,Aarav Sharma,North,Electronics,Wireless Headphones,5,144.03,720.15,Debit Card,Completed
ORD-2025032,29-09-2025,2025,Sep,2025-09,CUST-1003,Rohan Verma,North,Electronics,4K Monitor,2,169.72,339.44,Credit Card,Completed
ORD-2025033,12-12-2025,2025,Dec,2025-12,CUST-1004,Ananya Iyer,South,Books & Media,Python Programming Book,5,57.08,285.4,UPI,Completed
ORD-2025034,21-01-2025,2025,Jan,2025-01,CUST-1010,Sneha Kulkarni,West,Electronics,Smartwatch,5,816.26,4081.3,Net Banking,Pending
ORD-2025035,15-04-2025,2025,Apr,2025-04,CUST-1006,Neha Gupta,East,Clothing,Cotton T-Shirt,3,56.56,169.68,Debit Card,Completed
ORD-2025036,07-02-2025,2025,Feb,2025-02,CUST-1001,Aarav Sharma,North,Books & Media,Audiobook Subscription,1,59.92,59.92,Credit Card,Completed
ORD-2025037,17-09-2025,2025,Sep,2025-09,CUST-1005,Vikram Singh,West,Clothing,Cotton T-Shirt,2,107.49,214.98,Net Banking,Completed
ORD-2025038,13-08-2025,2025,Aug,2025-08,CUST-1009,Amit Joshi,West,Home & Kitchen,Ergonomic Chair,5,344.83,1724.15,Credit Card,Completed
ORD-2025039,11-10-2025,2025,Oct,2025-10,CUST-1005,Vikram Singh,West,Electronics,Smartphone,1,376.2,376.2,UPI,Completed
ORD-2025040,06-11-2025,2025,Nov,2025-11,CUST-1004,Ananya Iyer,South,Home & Kitchen,Blender,3,250,750,Debit Card,Completed
ORD-2025041,27-01-2025,2025,Jan,2025-01,CUST-1002,Priya Patel,West,Books & Media,Sci-Fi Novel,3,12.2,36.6,UPI,Completed
ORD-2025042,15-05-2025,2025,May,2025-05,CUST-1003,Rohan Verma,North,Books & Media,Audiobook Subscription,5,45.28,226.4,Credit Card,Completed
ORD-2025043,20-12-2025,2025,Dec,2025-12,CUST-1003,Rohan Verma,North,Electronics,Wireless Headphones,2,732.41,1464.82,Debit Card,Completed
ORD-2025044,07-06-2025,2025,Jun,2025-06,CUST-1006,Neha Gupta,East,Electronics,Wireless Headphones,2,315.29,630.58,Credit Card,Completed
ORD-2025045,14-10-2025,2025,Oct,2025-10,CUST-1007,Siddharth Rao,South,Clothing,Running Shoes,2,105.78,211.56,Debit Card,Completed
ORD-2025046,20-06-2025,2025,Jun,2025-06,CUST-1007,Siddharth Rao,South,Clothing,Cotton T-Shirt,1,31.72,31.72,Debit Card,Pending
ORD-2025047,29-08-2025,2025,Aug,2025-08,CUST-1004,Ananya Iyer,South,Clothing,Leather Belt,2,51.71,103.42,UPI,Completed
ORD-2025048,09-04-2025,2025,Apr,2025-04,CUST-1007,Siddharth Rao,South,Home & Kitchen,Air Fryer,3,306.59,919.77,Net Banking,Completed
ORD-2025049,24-07-2025,2025,Jul,2025-07,CUST-1009,Amit Joshi,West,Home & Kitchen,Coffee Maker,3,66.91,200.73,UPI,Completed
ORD-2025050,16-05-2025,2025,May,2025-05,CUST-1001,Aarav Sharma,North,Electronics,4K Monitor,3,566.71,1700.13,Debit Card,Completed
ORD-2025051,19-09-2025,2025,Sep,2025-09,CUST-1002,Priya Patel,West,Books & Media,Audiobook Subscription,1,19.5,19.5,Debit Card,Completed
ORD-2025052,03-10-2025,2025,Oct,2025-10,CUST-1004,Ananya Iyer,South,Home & Kitchen,Desk Lamp,3,52.39,157.17,Net Banking,Completed
ORD-2025053,05-03-2025,2025,Mar,2025-03,CUST-1005,Vikram Singh,West,Home & Kitchen,Desk Lamp,3,134.38,403.14,UPI,Completed
ORD-2025054,07-12-2025,2025,Dec,2025-12,CUST-1007,Siddharth Rao,South,Clothing,Hoodie,4,74.76,299.04,Credit Card,Completed
ORD-2025055,18-04-2025,2025,Apr,2025-04,CUST-1007,Siddharth Rao,South,Home & Kitchen,Desk Lamp,2,171.37,342.74,Debit Card,Completed
ORD-2025056,28-03-2025,2025,Mar,2025-03,CUST-1002,Priya Patel,West,Home & Kitchen,Ergonomic Chair,5,242.43,1212.15,Net Banking,Completed
ORD-2025057,01-05-2025,2025,May,2025-05,CUST-1005,Vikram Singh,West,Clothing,Running Shoes,1,30.47,30.47,UPI,Cancelled
ORD-2025058,09-11-2025,2025,Nov,2025-11,CUST-1002,Priya Patel,West,Books & Media,Productivity Planner,5,54.31,271.55,UPI,Completed
ORD-2025059,16-07-2025,2025,Jul,2025-07,CUST-1008,Pooja Mukherjee,East,Books & Media,Data Science Handbook,1,17.38,17.38,Credit Card,Completed
ORD-2025060,23-04-2025,2025,Apr,2025-04,CUST-1003,Rohan Verma,North,Books & Media,Python Programming Book,1,37.87,37.87,Debit Card,Completed
ORD-2025061,26-08-2025,2025,Aug,2025-08,CUST-1009,Amit Joshi,West,Home & Kitchen,Desk Lamp,5,226.05,1130.25,Debit Card,Completed
ORD-2025062,08-10-2025,2025,Oct,2025-10,CUST-1008,Pooja Mukherjee,East,Clothing,Leather Belt,2,62.26,124.52,Net Banking,Completed
ORD-2025063,24-09-2025,2025,Sep,2025-09,CUST-1008,Pooja Mukherjee,East,Clothing,Cotton T-Shirt,3,61.19,183.57,UPI,Completed
ORD-2025064,13-06-2025,2025,Jun,2025-06,CUST-1009,Amit Joshi,West,Electronics,Smartphone,4,248.93,995.72,UPI,Completed
ORD-2025065,02-02-2025,2025,Feb,2025-02,CUST-1007,Siddharth Rao,South,Books & Media,Sci-Fi Novel,4,37.13,148.52,Credit Card,Completed
ORD-2025066,04-08-2025,2025,Aug,2025-08,CUST-1007,Siddharth Rao,South,Electronics,4K Monitor,1,506.03,506.03,Net Banking,Completed
ORD-2025067,19-07-2025,2025,Jul,2025-07,CUST-1007,Siddharth Rao,South,Clothing,Leather Belt,4,38.04,152.16,Debit Card,Completed
ORD-2025068,22-06-2025,2025,Jun,2025-06,CUST-1007,Siddharth Rao,South,Clothing,Leather Belt,5,111.55,557.75,Credit Card,Pending
ORD-2025069,31-10-2025,2025,Oct,2025-10,CUST-1010,Sneha Kulkarni,West,Electronics,Laptop,2,799.88,1599.76,Debit Card,Completed
ORD-2025070,14-05-2025,2025,May,2025-05,CUST-1007,Siddharth Rao,South,Home & Kitchen,Blender,3,175.5,526.5,Debit Card,Completed
ORD-2025071,04-08-2025,2025,Aug,2025-08,CUST-1005,Vikram Singh,West,Electronics,Smartwatch,5,101.71,508.55,Credit Card,Cancelled
ORD-2025072,29-06-2025,2025,Jun,2025-06,CUST-1004,Ananya Iyer,South,Electronics,Laptop,2,924.74,1849.48,UPI,Completed
ORD-2025073,15-11-2025,2025,Nov,2025-11,CUST-1003,Rohan Verma,North,Clothing,Running Shoes,1,64.72,64.72,UPI,Completed
ORD-2025074,12-05-2025,2025,May,2025-05,CUST-1006,Neha Gupta,East,Clothing,Hoodie,1,78.76,78.76,UPI,Cancelled
ORD-2025075,25-02-2025,2025,Feb,2025-02,CUST-1010,Sneha Kulkarni,West,Electronics,Wireless Headphones,4,724.89,2899.56,Debit Card,Pending
ORD-2025076,12-04-2025,2025,Apr,2025-04,CUST-1002,Priya Patel,West,Clothing,Denim Jacket,3,88.21,264.63,Credit Card,Completed
ORD-2025077,17-10-2025,2025,Oct,2025-10,CUST-1001,Aarav Sharma,North,Home & Kitchen,Ergonomic Chair,3,167.08,501.24,Credit Card,Completed
ORD-2025078,24-06-2025,2025,Jun,2025-06,CUST-1001,Aarav Sharma,North,Books & Media,Productivity Planner,3,15.28,45.84,Debit Card,Completed
ORD-2025079,11-08-2025,2025,Aug,2025-08,CUST-1003,Rohan Verma,North,Home & Kitchen,Ergonomic Chair,5,288.62,1443.1,Debit Card,Completed
ORD-2025080,31-10-2025,2025,Oct,2025-10,CUST-1005,Vikram Singh,West,Home & Kitchen,Blender,1,295.83,295.83,Net Banking,Pending
ORD-2025081,05-05-2025,2025,May,2025-05,CUST-1008,Pooja Mukherjee,East,Books & Media,Sci-Fi Novel,3,11.43,34.29,UPI,Completed
ORD-2025082,01-07-2025,2025,Jul,2025-07,CUST-1005,Vikram Singh,West,Home & Kitchen,Air Fryer,3,311.7,935.1,Credit Card,Completed
ORD-2025083,08-04-2025,2025,Apr,2025-04,CUST-1002,Priya Patel,West,Clothing,Leather Belt,2,66.3,132.6,Debit Card,Completed
ORD-2025084,09-09-2025,2025,Sep,2025-09,CUST-1008,Pooja Mukherjee,East,Electronics,Laptop,4,409.54,1638.16,UPI,Completed
ORD-2025085,25-10-2025,2025,Oct,2025-10,CUST-1006,Neha Gupta,East,Books & Media,Audiobook Subscription,4,36.55,146.2,Net Banking,Completed
ORD-2025086,21-08-2025,2025,Aug,2025-08,CUST-1005,Vikram Singh,West,Home & Kitchen,Air Fryer,2,103.77,207.54,Net Banking,Completed
ORD-2025087,02-10-2025,2025,Oct,2025-10,CUST-1003,Rohan Verma,North,Clothing,Running Shoes,3,92.55,277.65,Net Banking,Cancelled
ORD-2025088,10-04-2025,2025,Apr,2025-04,CUST-1005,Vikram Singh,West,Clothing,Cotton T-Shirt,1,33.84,33.84,UPI,Completed
ORD-2025089,28-01-2025,2025,Jan,2025-01,CUST-1009,Amit Joshi,West,Home & Kitchen,Blender,4,234.12,936.48,Credit Card,Pending
ORD-2025090,21-10-2025,2025,Oct,2025-10,CUST-1005,Vikram Singh,West,Books & Media,Productivity Planner,2,32.02,64.04,Credit Card,Completed
ORD-2025091,02-09-2025,2025,Sep,2025-09,CUST-1002,Priya Patel,West,Electronics,Smartwatch,5,630.76,3153.8,Credit Card,Completed
ORD-2025092,16-10-2025,2025,Oct,2025-10,CUST-1005,Vikram Singh,West,Electronics,Smartphone,4,212.67,850.68,UPI,Completed
ORD-2025093,14-07-2025,2025,Jul,2025-07,CUST-1008,Pooja Mukherjee,East,Books & Media,Sci-Fi Novel,4,53.01,212.04,Net Banking,Completed
ORD-2025094,31-01-2025,2025,Jan,2025-01,CUST-1010,Sneha Kulkarni,West,Electronics,Smartphone,3,780.58,2341.74,Credit Card,Completed
ORD-2025095,30-03-2025,2025,Mar,2025-03,CUST-1009,Amit Joshi,West,Electronics,Smartphone,4,83,332,Debit Card,Completed
ORD-2025096,29-04-2025,2025,Apr,2025-04,CUST-1005,Vikram Singh,West,Home & Kitchen,Desk Lamp,2,52.78,105.56,Net Banking,Completed
ORD-2025097,17-11-2025,2025,Nov,2025-11,CUST-1010,Sneha Kulkarni,West,Clothing,Leather Belt,2,27.05,54.1,UPI,Pending
ORD-2025098,14-03-2025,2025,Mar,2025-03,CUST-1002,Priya Patel,West,Electronics,Smartphone,5,967.74,4838.7,Net Banking,Completed
ORD-2025099,28-08-2025,2025,Aug,2025-08,CUST-1005,Vikram Singh,West,Books & Media,Sci-Fi Novel,4,35.02,140.08,Debit Card,Completed
ORD-2025100,21-01-2025,2025,Jan,2025-01,CUST-1007,Siddharth Rao,South,Home & Kitchen,Ergonomic Chair,1,110.12,110.12,UPI,Cancelled
ORD-2025101,22-10-2025,2025,Oct,2025-10,CUST-1010,Sneha Kulkarni,West,Electronics,Wireless Headphones,2,725.4,1450.8,Debit Card,Completed
ORD-2025102,15-08-2025,2025,Aug,2025-08,CUST-1005,Vikram Singh,West,Clothing,Hoodie,4,60.77,243.08,Credit Card,Completed
ORD-2025103,29-07-2025,2025,Jul,2025-07,CUST-1006,Neha Gupta,East,Home & Kitchen,Coffee Maker,3,304.47,913.41,Debit Card,Completed
ORD-2025104,28-05-2025,2025,May,2025-05,CUST-1007,Siddharth Rao,South,Electronics,Smartwatch,3,178.63,535.89,Net Banking,Completed
ORD-2025105,26-07-2025,2025,Jul,2025-07,CUST-1009,Amit Joshi,West,Electronics,4K Monitor,1,597.41,597.41,UPI,Completed
ORD-2025106,15-11-2025,2025,Nov,2025-11,CUST-1008,Pooja Mukherjee,East,Books & Media,Python Programming Book,5,20.18,100.9,UPI,Pending
ORD-2025107,13-08-2025,2025,Aug,2025-08,CUST-1008,Pooja Mukherjee,East,Electronics,Laptop,5,1169.92,5849.6,UPI,Completed
ORD-2025108,09-06-2025,2025,Jun,2025-06,CUST-1009,Amit Joshi,West,Electronics,4K Monitor,2,536.95,1073.9,Credit Card,Completed
ORD-2025109,02-03-2025,2025,Mar,2025-03,CUST-1003,Rohan Verma,North,Books & Media,Sci-Fi Novel,3,35.44,106.32,Debit Card,Completed
ORD-2025110,30-08-2025,2025,Aug,2025-08,CUST-1004,Ananya Iyer,South,Books & Media,Audiobook Subscription,2,17.23,34.46,UPI,Pending
ORD-2025111,22-05-2025,2025,May,2025-05,CUST-1007,Siddharth Rao,South,Home & Kitchen,Ergonomic Chair,1,115.5,115.5,Net Banking,Completed
ORD-2025112,28-10-2025,2025,Oct,2025-10,CUST-1010,Sneha Kulkarni,West,Books & Media,Data Science Handbook,4,32.33,129.32,Net Banking,Completed
ORD-2025113,06-10-2025,2025,Oct,2025-10,CUST-1007,Siddharth Rao,South,Books & Media,Sci-Fi Novel,2,53.48,106.96,Debit Card,Completed
ORD-2025114,30-07-2025,2025,Jul,2025-07,CUST-1001,Aarav Sharma,North,Home & Kitchen,Desk Lamp,4,255.67,1022.68,Debit Card,Cancelled
ORD-2025115,30-11-2025,2025,Nov,2025-11,CUST-1003,Rohan Verma,North,Books & Media,Python Programming Book,5,16.31,81.55,Net Banking,Pending
ORD-2025116,14-08-2025,2025,Aug,2025-08,CUST-1002,Priya Patel,West,Books & Media,Python Programming Book,4,46.12,184.48,UPI,Completed
ORD-2025117,16-05-2025,2025,May,2025-05,CUST-1006,Neha Gupta,East,Books & Media,Python Programming Book,5,52.59,262.95,Debit Card,Cancelled
ORD-2025118,17-11-2025,2025,Nov,2025-11,CUST-1008,Pooja Mukherjee,East,Electronics,4K Monitor,3,156.63,469.89,UPI,Completed
ORD-2025119,11-08-2025,2025,Aug,2025-08,CUST-1002,Priya Patel,West,Electronics,Smartwatch,3,266.33,798.99,Credit Card,Completed
ORD-2025120,29-01-2025,2025,Jan,2025-01,CUST-1005,Vikram Singh,West,Home & Kitchen,Air Fryer,2,167.82,335.64,Debit Card,Completed
ORD-2025121,03-04-2025,2025,Apr,2025-04,CUST-1003,Rohan Verma,North,Clothing,Denim Jacket,4,79,316,UPI,Completed
ORD-2025122,26-10-2025,2025,Oct,2025-10,CUST-1003,Rohan Verma,North,Clothing,Leather Belt,4,81.98,327.92,Net Banking,Completed
ORD-2025123,27-08-2025,2025,Aug,2025-08,CUST-1005,Vikram Singh,West,Clothing,Denim Jacket,3,61.38,184.14,Net Banking,Completed
ORD-2025124,06-08-2025,2025,Aug,2025-08,CUST-1005,Vikram Singh,West,Books & Media,Sci-Fi Novel,4,19.96,79.84,Debit Card,Completed
ORD-2025125,15-07-2025,2025,Jul,2025-07,CUST-1010,Sneha Kulkarni,West,Home & Kitchen,Ergonomic Chair,3,124.68,374.04,Credit Card,Cancelled
ORD-2025126,04-12-2025,2025,Dec,2025-12,CUST-1007,Siddharth Rao,South,Home & Kitchen,Coffee Maker,1,211.1,211.1,Debit Card,Completed
ORD-2025127,27-05-2025,2025,May,2025-05,CUST-1004,Ananya Iyer,South,Home & Kitchen,Blender,5,233.72,1168.6,Net Banking,Completed
ORD-2025128,04-12-2025,2025,Dec,2025-12,CUST-1003,Rohan Verma,North,Electronics,Laptop,4,426,1704,Credit Card,Completed
ORD-2025129,09-03-2025,2025,Mar,2025-03,CUST-1002,Priya Patel,West,Home & Kitchen,Air Fryer,2,269.19,538.38,UPI,Completed
ORD-2025130,04-10-2025,2025,Oct,2025-10,CUST-1006,Neha Gupta,East,Home & Kitchen,Blender,4,112.23,448.92,Net Banking,Completed
ORD-2025131,23-06-2025,2025,Jun,2025-06,CUST-1002,Priya Patel,West,Books & Media,Python Programming Book,2,17.04,34.08,Debit Card,Cancelled
ORD-2025132,13-10-2025,2025,Oct,2025-10,CUST-1006,Neha Gupta,East,Electronics,Smartwatch,5,95.59,477.95,Credit Card,Completed
ORD-2025133,11-12-2025,2025,Dec,2025-12,CUST-1005,Vikram Singh,West,Books & Media,Sci-Fi Novel,2,15.42,30.84,Debit Card,Completed
ORD-2025134,15-10-2025,2025,Oct,2025-10,CUST-1006,Neha Gupta,East,Clothing,Denim Jacket,4,81.72,326.88,Net Banking,Completed
ORD-2025135,01-03-2025,2025,Mar,2025-03,CUST-1003,Rohan Verma,North,Electronics,Laptop,4,420.89,1683.56,Credit Card,Completed
ORD-2025136,03-10-2025,2025,Oct,2025-10,CUST-1003,Rohan Verma,North,Books & Media,Productivity Planner,5,28.55,142.75,Debit Card,Completed
ORD-2025137,21-03-2025,2025,Mar,2025-03,CUST-1007,Siddharth Rao,South,Electronics,Smartwatch,3,769.53,2308.59,Credit Card,Completed
ORD-2025138,22-04-2025,2025,Apr,2025-04,CUST-1008,Pooja Mukherjee,East,Books & Media,Data Science Handbook,1,52.77,52.77,Net Banking,Completed
ORD-2025139,27-11-2025,2025,Nov,2025-11,CUST-1006,Neha Gupta,East,Electronics,Smartwatch,1,388.99,388.99,Debit Card,Completed
ORD-2025140,19-04-2025,2025,Apr,2025-04,CUST-1010,Sneha Kulkarni,West,Electronics,Laptop,2,961.21,1922.42,UPI,Completed
ORD-2025141,16-04-2025,2025,Apr,2025-04,CUST-1002,Priya Patel,West,Clothing,Hoodie,2,37.67,75.34,Net Banking,Completed
ORD-2025142,02-11-2025,2025,Nov,2025-11,CUST-1001,Aarav Sharma,North,Home & Kitchen,Blender,5,346.01,1730.05,Net Banking,Completed
ORD-2025143,26-02-2025,2025,Feb,2025-02,CUST-1001,Aarav Sharma,North,Clothing,Denim Jacket,2,52.62,105.24,Net Banking,Completed
ORD-2025144,16-05-2025,2025,May,2025-05,CUST-1001,Aarav Sharma,North,Clothing,Leather Belt,1,70.24,70.24,Debit Card,Completed
ORD-2025145,05-07-2025,2025,Jul,2025-07,CUST-1009,Amit Joshi,West,Electronics,Smartwatch,5,644.3,3221.5,Credit Card,Completed
ORD-2025146,04-12-2025,2025,Dec,2025-12,CUST-1009,Amit Joshi,West,Home & Kitchen,Desk Lamp,1,235.87,235.87,Credit Card,Cancelled
ORD-2025147,25-07-2025,2025,Jul,2025-07,CUST-1007,Siddharth Rao,South,Electronics,Smartwatch,4,877.89,3511.56,Credit Card,Pending
ORD-2025148,14-06-2025,2025,Jun,2025-06,CUST-1010,Sneha Kulkarni,West,Clothing,Denim Jacket,5,28.25,141.25,Net Banking,Completed
ORD-2025149,02-11-2025,2025,Nov,2025-11,CUST-1009,Amit Joshi,West,Home & Kitchen,Desk Lamp,4,191.78,767.12,Credit Card,Completed
ORD-2025150,28-02-2025,2025,Feb,2025-02,CUST-1009,Amit Joshi,West,Clothing,Leather Belt,2,62.41,124.82,Debit Card,Completed
ORD-2025351,17-07-2025,2025,Jul,2025-07,CUST-1008,Pooja Mukherjee,East,Books & Media,Data Science Handbook,4,19.8,79.2,Credit Card,Completed
ORD-2025352,20-08-2025,2025,Aug,2025-08,CUST-1001,Aarav Sharma,North,Home & Kitchen,Blender,5,105.98,529.9,UPI,Pending
ORD-2025353,17-06-2025,2025,Jun,2025-06,CUST-1008,Pooja Mukherjee,East,Clothing,Leather Belt,1,63.82,63.82,UPI,Completed
ORD-2025354,17-08-2025,2025,Aug,2025-08,CUST-1008,Pooja Mukherjee,East,Books & Media,Sci-Fi Novel,2,58.4,116.8,Credit Card,Completed
ORD-2025355,14-05-2025,2025,May,2025-05,CUST-1001,Aarav Sharma,North,Clothing,Running Shoes,1,111.07,111.07,Net Banking,Completed
ORD-2025356,23-04-2025,2025,Apr,2025-04,CUST-1004,Ananya Iyer,South,Books & Media,Data Science Handbook,3,25.41,76.23,UPI,Completed
ORD-2025357,22-06-2025,2025,Jun,2025-06,CUST-1008,Pooja Mukherjee,East,Clothing,Cotton T-Shirt,5,95.74,478.7,UPI,Completed
ORD-2025358,20-07-2025,2025,Jul,2025-07,CUST-1009,Amit Joshi,West,Home & Kitchen,Air Fryer,2,161,322,Net Banking,Pending
ORD-2025359,26-02-2025,2025,Feb,2025-02,CUST-1004,Ananya Iyer,South,Home & Kitchen,Coffee Maker,5,55.89,279.45,Debit Card,Completed
ORD-2025360,13-06-2025,2025,Jun,2025-06,CUST-1002,Priya Patel,West,Home & Kitchen,Blender,5,110.59,552.95,Debit Card,Cancelled
ORD-2025361,04-06-2025,2025,Jun,2025-06,CUST-1003,Rohan Verma,North,Clothing,Hoodie,4,64.01,256.04,Credit Card,Pending
ORD-2025362,30-03-2025,2025,Mar,2025-03,CUST-1006,Neha Gupta,East,Books & Media,Productivity Planner,2,47.37,94.74,Credit Card,Completed
ORD-2025363,07-04-2025,2025,Apr,2025-04,CUST-1010,Sneha Kulkarni,West,Clothing,Denim Jacket,1,107.62,107.62,Debit Card,Completed
ORD-2025364,07-07-2025,2025,Jul,2025-07,CUST-1004,Ananya Iyer,South,Electronics,Smartphone,1,541.66,541.66,Net Banking,Completed
ORD-2025365,13-09-2025,2025,Sep,2025-09,CUST-1004,Ananya Iyer,South,Clothing,Leather Belt,2,113.81,227.62,Credit Card,Completed
ORD-2025366,29-08-2025,2025,Aug,2025-08,CUST-1010,Sneha Kulkarni,West,Clothing,Denim Jacket,1,73.16,73.16,Credit Card,Completed
ORD-2025367,31-01-2025,2025,Jan,2025-01,CUST-1006,Neha Gupta,East,Books & Media,Productivity Planner,4,38.22,152.88,Net Banking,Completed
ORD-2025368,08-05-2025,2025,May,2025-05,CUST-1004,Ananya Iyer,South,Electronics,4K Monitor,5,697.4,3487,Debit Card,Completed
ORD-2025369,03-10-2025,2025,Oct,2025-10,CUST-1009,Amit Joshi,West,Electronics,Wireless Headphones,2,1000.02,2000.04,Net Banking,Completed
ORD-2025370,08-10-2025,2025,Oct,2025-10,CUST-1002,Priya Patel,West,Home & Kitchen,Blender,4,147.55,590.2,Debit Card,Completed
ORD-2025371,30-10-2025,2025,Oct,2025-10,CUST-1009,Amit Joshi,West,Clothing,Leather Belt,2,50.69,101.38,UPI,Completed
ORD-2025372,10-07-2025,2025,Jul,2025-07,CUST-1005,Vikram Singh,West,Clothing,Running Shoes,2,46.67,93.34,Debit Card,Completed
ORD-2025373,24-01-2025,2025,Jan,2025-01,CUST-1006,Neha Gupta,East,Home & Kitchen,Air Fryer,2,94.6,189.2,Debit Card,Completed
ORD-2025374,20-01-2025,2025,Jan,2025-01,CUST-1005,Vikram Singh,West,Books & Media,Sci-Fi Novel,1,16.97,16.97,Debit Card,Completed
ORD-2025375,20-10-2025,2025,Oct,2025-10,CUST-1008,Pooja Mukherjee,East,Home & Kitchen,Blender,3,331.4,994.2,Debit Card,Completed
ORD-2025376,22-12-2025,2025,Dec,2025-12,CUST-1004,Ananya Iyer,South,Home & Kitchen,Blender,3,162,486,Debit Card,Pending
ORD-2025377,02-05-2025,2025,May,2025-05,CUST-1005,Vikram Singh,West,Clothing,Denim Jacket,4,80.89,323.56,UPI,Pending
ORD-2025378,06-10-2025,2025,Oct,2025-10,CUST-1001,Aarav Sharma,North,Home & Kitchen,Air Fryer,1,265.28,265.28,UPI,Completed
ORD-2025379,13-04-2025,2025,Apr,2025-04,CUST-1006,Neha Gupta,East,Home & Kitchen,Blender,5,284.21,1421.05,Debit Card,Completed
ORD-2025380,15-07-2025,2025,Jul,2025-07,CUST-1010,Sneha Kulkarni,West,Home & Kitchen,Ergonomic Chair,1,200.99,200.99,Credit Card,Completed
ORD-2025381,28-12-2025,2025,Dec,2025-12,CUST-1004,Ananya Iyer,South,Clothing,Denim Jacket,4,93.36,373.44,Net Banking,Completed
ORD-2025382,03-01-2025,2025,Jan,2025-01,CUST-1002,Priya Patel,West,Electronics,Smartwatch,1,164.3,164.3,Net Banking,Completed
ORD-2025383,23-09-2025,2025,Sep,2025-09,CUST-1005,Vikram Singh,West,Clothing,Cotton T-Shirt,3,97.94,293.82,UPI,Completed
ORD-2025384,25-06-2025,2025,Jun,2025-06,CUST-1009,Amit Joshi,West,Books & Media,Audiobook Subscription,3,19.96,59.88,UPI,Completed
ORD-2025385,24-11-2025,2025,Nov,2025-11,CUST-1008,Pooja Mukherjee,East,Electronics,4K Monitor,1,249.86,249.86,UPI,Completed
ORD-2025386,01-05-2025,2025,May,2025-05,CUST-1007,Siddharth Rao,South,Books & Media,Audiobook Subscription,3,40.22,120.66,Net Banking,Completed
ORD-2025387,06-09-2025,2025,Sep,2025-09,CUST-1005,Vikram Singh,West,Clothing,Denim Jacket,3,49.84,149.52,UPI,Completed
ORD-2025388,31-01-2025,2025,Jan,2025-01,CUST-1008,Pooja Mukherjee,East,Electronics,4K Monitor,5,1191.62,5958.1,Debit Card,Cancelled
ORD-2025389,01-09-2025,2025,Sep,2025-09,CUST-1003,Rohan Verma,North,Clothing,Running Shoes,3,55.76,167.28,UPI,Completed
ORD-2025390,29-06-2025,2025,Jun,2025-06,CUST-1001,Aarav Sharma,North,Electronics,Wireless Headphones,1,548.16,548.16,Net Banking,Completed
ORD-2025391,29-04-2025,2025,Apr,2025-04,CUST-1009,Amit Joshi,West,Electronics,Laptop,3,1044.06,3132.18,Credit Card,Completed
ORD-2025392,07-02-2025,2025,Feb,2025-02,CUST-1009,Amit Joshi,West,Home & Kitchen,Desk Lamp,3,334.47,1003.41,Debit Card,Completed
ORD-2025393,29-10-2025,2025,Oct,2025-10,CUST-1002,Priya Patel,West,Books & Media,Sci-Fi Novel,5,10.3,51.5,Debit Card,Completed
ORD-2025394,02-05-2025,2025,May,2025-05,CUST-1002,Priya Patel,West,Clothing,Denim Jacket,4,68.57,274.28,UPI,Completed
ORD-2025395,20-07-2025,2025,Jul,2025-07,CUST-1009,Amit Joshi,West,Clothing,Hoodie,3,51.93,155.79,UPI,Completed
ORD-2025396,13-01-2025,2025,Jan,2025-01,CUST-1003,Rohan Verma,North,Home & Kitchen,Ergonomic Chair,5,68.84,344.2,Net Banking,Completed
ORD-2025397,31-12-2025,2025,Dec,2025-12,CUST-1010,Sneha Kulkarni,West,Books & Media,Data Science Handbook,2,15.07,30.14,Credit Card,Completed
ORD-2025398,10-10-2025,2025,Oct,2025-10,CUST-1007,Siddharth Rao,South,Books & Media,Python Programming Book,3,31.91,95.73,UPI,Completed
ORD-2025399,26-01-2025,2025,Jan,2025-01,CUST-1006,Neha Gupta,East,Electronics,Laptop,4,117.3,469.2,UPI,Completed
ORD-2025400,03-06-2025,2025,Jun,2025-06,CUST-1005,Vikram Singh,West,Books & Media,Productivity Planner,1,40.86,40.86,Debit Card,Completed
ORD-2025401,02-03-2025,2025,Mar,2025-03,CUST-1003,Rohan Verma,North,Home & Kitchen,Blender,4,146.05,584.2,Debit Card,Completed
ORD-2025402,29-06-2025,2025,Jun,2025-06,CUST-1003,Rohan Verma,North,Books & Media,Python Programming Book,2,27.18,54.36,Debit Card,Completed
ORD-2025403,28-02-2025,2025,Feb,2025-02,CUST-1010,Sneha Kulkarni,West,Electronics,Wireless Headphones,2,740.99,1481.98,Credit Card,Completed
ORD-2025404,28-11-2025,2025,Nov,2025-11,CUST-1004,Ananya Iyer,South,Home & Kitchen,Desk Lamp,2,345.97,691.94,Debit Card,Completed
ORD-2025405,24-03-2025,2025,Mar,2025-03,CUST-1010,Sneha Kulkarni,West,Home & Kitchen,Blender,5,192.11,960.55,UPI,Completed
ORD-2025406,22-10-2025,2025,Oct,2025-10,CUST-1008,Pooja Mukherjee,East,Books & Media,Data Science Handbook,4,36.42,145.68,Debit Card,Completed
ORD-2025407,26-01-2025,2025,Jan,2025-01,CUST-1005,Vikram Singh,West,Books & Media,Audiobook Subscription,1,59.9,59.9,Debit Card,Completed
ORD-2025408,03-06-2025,2025,Jun,2025-06,CUST-1002,Priya Patel,West,Books & Media,Python Programming Book,5,43.46,217.3,Debit Card,Completed
ORD-2025409,22-03-2025,2025,Mar,2025-03,CUST-1001,Aarav Sharma,North,Books & Media,Audiobook Subscription,4,47.65,190.6,UPI,Completed
ORD-2025410,26-12-2025,2025,Dec,2025-12,CUST-1002,Priya Patel,West,Books & Media,Python Programming Book,4,55.91,223.64,Credit Card,Cancelled
ORD-2025411,25-08-2025,2025,Aug,2025-08,CUST-1005,Vikram Singh,West,Home & Kitchen,Air Fryer,3,257.49,772.47,UPI,Completed
ORD-2025412,16-04-2025,2025,Apr,2025-04,CUST-1006,Neha Gupta,East,Clothing,Leather Belt,1,59.15,59.15,UPI,Completed
ORD-2025413,06-02-2025,2025,Feb,2025-02,CUST-1007,Siddharth Rao,South,Home & Kitchen,Blender,1,278.99,278.99,Credit Card,Completed
ORD-2025414,20-06-2025,2025,Jun,2025-06,CUST-1005,Vikram Singh,West,Clothing,Hoodie,2,96.22,192.44,UPI,Completed
ORD-2025415,25-11-2025,2025,Nov,2025-11,CUST-1005,Vikram Singh,West,Clothing,Hoodie,1,94.7,94.7,Net Banking,Completed
ORD-2025416,27-12-2025,2025,Dec,2025-12,CUST-1001,Aarav Sharma,North,Clothing,Hoodie,1,98.87,98.87,Net Banking,Completed
ORD-2025417,05-08-2025,2025,Aug,2025-08,CUST-1009,Amit Joshi,West,Books & Media,Audiobook Subscription,1,54.97,54.97,Debit Card,Completed
ORD-2025418,23-05-2025,2025,May,2025-05,CUST-1010,Sneha Kulkarni,West,Clothing,Hoodie,3,62.83,188.49,Credit Card,Completed
ORD-2025419,05-06-2025,2025,Jun,2025-06,CUST-1009,Amit Joshi,West,Home & Kitchen,Blender,2,180.37,360.74,Credit Card,Completed
ORD-2025420,09-02-2025,2025,Feb,2025-02,CUST-1002,Priya Patel,West,Electronics,4K Monitor,2,605.84,1211.68,Net Banking,Completed
ORD-2025421,11-08-2025,2025,Aug,2025-08,CUST-1002,Priya Patel,West,Electronics,Smartphone,2,946.37,1892.74,UPI,Completed
ORD-2025422,07-04-2025,2025,Apr,2025-04,CUST-1009,Amit Joshi,West,Books & Media,Data Science Handbook,3,11.55,34.65,Credit Card,Completed
ORD-2025423,14-07-2025,2025,Jul,2025-07,CUST-1010,Sneha Kulkarni,West,Clothing,Running Shoes,1,41.42,41.42,Credit Card,Pending
ORD-2025424,11-10-2025,2025,Oct,2025-10,CUST-1002,Priya Patel,West,Books & Media,Productivity Planner,5,28.83,144.15,UPI,Completed
ORD-2025425,24-09-2025,2025,Sep,2025-09,CUST-1005,Vikram Singh,West,Electronics,Smartwatch,1,441.45,441.45,Credit Card,Completed
ORD-2025426,14-09-2025,2025,Sep,2025-09,CUST-1006,Neha Gupta,East,Books & Media,Python Programming Book,5,25.41,127.05,Credit Card,Cancelled
ORD-2025427,06-09-2025,2025,Sep,2025-09,CUST-1007,Siddharth Rao,South,Electronics,Smartwatch,1,997.34,997.34,Credit Card,Completed
ORD-2025428,05-05-2025,2025,May,2025-05,CUST-1001,Aarav Sharma,North,Clothing,Denim Jacket,3,59.91,179.73,Debit Card,Completed
ORD-2025429,02-12-2025,2025,Dec,2025-12,CUST-1005,Vikram Singh,West,Books & Media,Productivity Planner,4,37.41,149.64,Debit Card,Pending
ORD-2025430,27-06-2025,2025,Jun,2025-06,CUST-1007,Siddharth Rao,South,Books & Media,Productivity Planner,5,54.63,273.15,UPI,Completed
ORD-2025431,04-10-2025,2025,Oct,2025-10,CUST-1006,Neha Gupta,East,Clothing,Hoodie,3,91.56,274.68,Credit Card,Completed
ORD-2025432,25-06-2025,2025,Jun,2025-06,CUST-1006,Neha Gupta,East,Clothing,Hoodie,5,114.28,571.4,Net Banking,Completed
ORD-2025433,23-05-2025,2025,May,2025-05,CUST-1001,Aarav Sharma,North,Home & Kitchen,Blender,5,336.42,1682.1,Net Banking,Completed
ORD-2025434,26-01-2025,2025,Jan,2025-01,CUST-1001,Aarav Sharma,North,Electronics,4K Monitor,5,302.13,1510.65,UPI,Completed
ORD-2025435,28-05-2025,2025,May,2025-05,CUST-1002,Priya Patel,West,Books & Media,Productivity Planner,1,32.08,32.08,UPI,Completed
ORD-2025436,23-05-2025,2025,May,2025-05,CUST-1005,Vikram Singh,West,Electronics,Wireless Headphones,5,444.87,2224.35,Credit Card,Completed
ORD-2025437,01-04-2025,2025,Apr,2025-04,CUST-1008,Pooja Mukherjee,East,Clothing,Leather Belt,3,50.25,150.75,Credit Card,Completed
ORD-2025438,11-01-2025,2025,Jan,2025-01,CUST-1010,Sneha Kulkarni,West,Home & Kitchen,Ergonomic Chair,4,338.77,1355.08,UPI,Completed
ORD-2025439,29-06-2025,2025,Jun,2025-06,CUST-1005,Vikram Singh,West,Home & Kitchen,Air Fryer,3,71.79,215.37,Credit Card,Completed
ORD-2025440,05-06-2025,2025,Jun,2025-06,CUST-1004,Ananya Iyer,South,Clothing,Hoodie,3,27.11,81.33,Debit Card,Completed
ORD-2025441,05-03-2025,2025,Mar,2025-03,CUST-1004,Ananya Iyer,South,Electronics,Smartwatch,4,725.13,2900.52,Debit Card,Completed
ORD-2025442,15-10-2025,2025,Oct,2025-10,CUST-1004,Ananya Iyer,South,Books & Media,Data Science Handbook,3,31.71,95.13,Debit Card,Completed
ORD-2025443,30-12-2025,2025,Dec,2025-12,CUST-1003,Rohan Verma,North,Electronics,Laptop,4,762.65,3050.6,Net Banking,Completed
ORD-2025444,09-02-2025,2025,Feb,2025-02,CUST-1010,Sneha Kulkarni,West,Clothing,Leather Belt,1,87.56,87.56,Net Banking,Completed
ORD-2025445,07-08-2025,2025,Aug,2025-08,CUST-1003,Rohan Verma,North,Home & Kitchen,Coffee Maker,2,163.04,326.08,UPI,Completed
ORD-2025446,02-07-2025,2025,Jul,2025-07,CUST-1001,Aarav Sharma,North,Home & Kitchen,Coffee Maker,3,72.71,218.13,Debit Card,Completed
ORD-2025447,11-10-2025,2025,Oct,2025-10,CUST-1009,Amit Joshi,West,Clothing,Leather Belt,5,104.1,520.5,Net Banking,Completed
ORD-2025448,16-05-2025,2025,May,2025-05,CUST-1008,Pooja Mukherjee,East,Electronics,Laptop,3,499.2,1497.6,Debit Card,Completed
ORD-2025449,12-02-2025,2025,Feb,2025-02,CUST-1009,Amit Joshi,West,Clothing,Leather Belt,5,99.71,498.55,UPI,Completed
ORD-2025450,06-07-2025,2025,Jul,2025-07,CUST-1001,Aarav Sharma,North,Clothing,Cotton T-Shirt,3,36.5,109.5,Credit Card,Completed
ORD-2025451,29-07-2025,2025,Jul,2025-07,CUST-1005,Vikram Singh,West,Home & Kitchen,Blender,3,86.82,260.46,Net Banking,Completed
ORD-2025452,14-04-2025,2025,Apr,2025-04,CUST-1008,Pooja Mukherjee,East,Home & Kitchen,Desk Lamp,1,77.95,77.95,UPI,Completed
ORD-2025453,09-09-2025,2025,Sep,2025-09,CUST-1002,Priya Patel,West,Books & Media,Sci-Fi Novel,3,51.38,154.14,Debit Card,Completed
ORD-2025454,19-03-2025,2025,Mar,2025-03,CUST-1006,Neha Gupta,East,Electronics,Laptop,1,1156.22,1156.22,Debit Card,Completed
ORD-2025455,08-08-2025,2025,Aug,2025-08,CUST-1002,Priya Patel,West,Home & Kitchen,Blender,2,178.85,357.7,Net Banking,Completed
ORD-2025456,17-03-2025,2025,Mar,2025-03,CUST-1007,Siddharth Rao,South,Home & Kitchen,Blender,3,226.85,680.55,Net Banking,Cancelled
ORD-2025457,04-12-2025,2025,Dec,2025-12,CUST-1008,Pooja Mukherjee,East,Home & Kitchen,Coffee Maker,2,113.92,227.84,UPI,Completed
ORD-2025458,06-07-2025,2025,Jul,2025-07,CUST-1002,Priya Patel,West,Books & Media,Sci-Fi Novel,1,55.55,55.55,UPI,Completed
ORD-2025459,02-03-2025,2025,Mar,2025-03,CUST-1004,Ananya Iyer,South,Electronics,Laptop,3,772.57,2317.71,Debit Card,Completed
ORD-2025460,10-10-2025,2025,Oct,2025-10,CUST-1010,Sneha Kulkarni,West,Home & Kitchen,Ergonomic Chair,5,236.76,1183.8,Net Banking,Completed
ORD-2025461,23-03-2025,2025,Mar,2025-03,CUST-1010,Sneha Kulkarni,West,Clothing,Cotton T-Shirt,1,97.05,97.05,Net Banking,Completed
ORD-2025462,13-06-2025,2025,Jun,2025-06,CUST-1003,Rohan Verma,North,Home & Kitchen,Blender,3,44.54,133.62,Credit Card,Pending
ORD-2025463,04-06-2025,2025,Jun,2025-06,CUST-1006,Neha Gupta,East,Home & Kitchen,Ergonomic Chair,5,194.51,972.55,Debit Card,Completed
ORD-2025464,20-11-2025,2025,Nov,2025-11,CUST-1001,Aarav Sharma,North,Home & Kitchen,Air Fryer,4,226.79,907.16,Debit Card,Completed
ORD-2025465,03-12-2025,2025,Dec,2025-12,CUST-1007,Siddharth Rao,South,Books & Media,Python Programming Book,3,39.76,119.28,Debit Card,Completed
ORD-2025466,03-04-2025,2025,Apr,2025-04,CUST-1005,Vikram Singh,West,Books & Media,Python Programming Book,5,29.61,148.05,Credit Card,Completed
ORD-2025467,03-04-2025,2025,Apr,2025-04,CUST-1003,Rohan Verma,North,Books & Media,Audiobook Subscription,4,37.26,149.04,Credit Card,Completed
ORD-2025468,18-11-2025,2025,Nov,2025-11,CUST-1010,Sneha Kulkarni,West,Electronics,Smartphone,5,666.21,3331.05,UPI,Completed
ORD-2025469,08-11-2025,2025,Nov,2025-11,CUST-1003,Rohan Verma,North,Electronics,Smartwatch,4,540.55,2162.2,UPI,Completed
ORD-2025470,24-02-2025,2025,Feb,2025-02,CUST-1008,Pooja Mukherjee,East,Electronics,4K Monitor,3,198.64,595.92,Debit Card,Completed
ORD-2025471,30-03-2025,2025,Mar,2025-03,CUST-1003,Rohan Verma,North,Home & Kitchen,Air Fryer,3,158.93,476.79,Net Banking,Completed
ORD-2025472,20-05-2025,2025,May,2025-05,CUST-1003,Rohan Verma,North,Electronics,4K Monitor,1,254.87,254.87,Debit Card,Completed
ORD-2025473,01-02-2025,2025,Feb,2025-02,CUST-1003,Rohan Verma,North,Electronics,4K Monitor,3,517.1,1551.3,Credit Card,Completed
ORD-2025474,18-01-2025,2025,Jan,2025-01,CUST-1002,Priya Patel,West,Books & Media,Productivity Planner,2,49.08,98.16,Net Banking,Completed
ORD-2025475,16-01-2025,2025,Jan,2025-01,CUST-1001,Aarav Sharma,North,Electronics,4K Monitor,4,809.38,3237.52,Credit Card,Completed
ORD-2025476,30-09-2025,2025,Sep,2025-09,CUST-1010,Sneha Kulkarni,West,Clothing,Hoodie,1,48.35,48.35,Debit Card,Completed
ORD-2025477,01-12-2025,2025,Dec,2025-12,CUST-1010,Sneha Kulkarni,West,Electronics,Smartwatch,3,1166.1,3498.3,Credit Card,Pending
ORD-2025478,04-07-2025,2025,Jul,2025-07,CUST-1005,Vikram Singh,West,Electronics,4K Monitor,2,961.53,1923.06,Net Banking,Completed
ORD-2025479,05-01-2025,2025,Jan,2025-01,CUST-1008,Pooja Mukherjee,East,Books & Media,Data Science Handbook,5,51.32,256.6,Credit Card,Completed
ORD-2025480,08-02-2025,2025,Feb,2025-02,CUST-1004,Ananya Iyer,South,Clothing,Denim Jacket,1,56.13,56.13,Debit Card,Pending
ORD-2025481,01-10-2025,2025,Oct,2025-10,CUST-1001,Aarav Sharma,North,Clothing,Cotton T-Shirt,3,61.39,184.17,Credit Card,Completed
ORD-2025482,03-04-2025,2025,Apr,2025-04,CUST-1008,Pooja Mukherjee,East,Books & Media,Audiobook Subscription,4,34.68,138.72,Credit Card,Completed
ORD-2025483,17-01-2025,2025,Jan,2025-01,CUST-1007,Siddharth Rao,South,Electronics,Laptop,2,331.18,662.36,UPI,Completed
ORD-2025484,14-01-2025,2025,Jan,2025-01,CUST-1010,Sneha Kulkarni,West,Clothing,Leather Belt,5,58.99,294.95,Credit Card,Completed
ORD-2025485,11-07-2025,2025,Jul,2025-07,CUST-1006,Neha Gupta,East,Home & Kitchen,Ergonomic Chair,2,315.99,631.98,Net Banking,Completed
ORD-2025486,12-08-2025,2025,Aug,2025-08,CUST-1008,Pooja Mukherjee,East,Books & Media,Audiobook Subscription,5,44.74,223.7,Debit Card,Completed
ORD-2025487,07-10-2025,2025,Oct,2025-10,CUST-1010,Sneha Kulkarni,West,Electronics,Smartphone,3,1168.17,3504.51,UPI,Completed
ORD-2025488,13-05-2025,2025,May,2025-05,CUST-1001,Aarav Sharma,North,Electronics,Smartwatch,2,480.87,961.74,UPI,Completed
ORD-2025489,10-11-2025,2025,Nov,2025-11,CUST-1002,Priya Patel,West,Books & Media,Python Programming Book,4,56.15,224.6,Credit Card,Completed
ORD-2025490,22-01-2025,2025,Jan,2025-01,CUST-1005,Vikram Singh,West,Clothing,Denim Jacket,3,48.38,145.14,UPI,Completed
ORD-2025491,04-05-2025,2025,May,2025-05,CUST-1004,Ananya Iyer,South,Books & Media,Python Programming Book,4,36.16,144.64,Net Banking,Completed
ORD-2025492,05-03-2025,2025,Mar,2025-03,CUST-1005,Vikram Singh,West,Clothing,Leather Belt,5,87.34,436.7,Debit Card,Completed
ORD-2025493,10-06-2025,2025,Jun,2025-06,CUST-1008,Pooja Mukherjee,East,Home & Kitchen,Ergonomic Chair,5,224,1120,Net Banking,Completed
ORD-2025494,26-04-2025,2025,Apr,2025-04,CUST-1007,Siddharth Rao,South,Books & Media,Audiobook Subscription,3,37.84,113.52,Debit Card,Completed
ORD-2025495,08-12-2025,2025,Dec,2025-12,CUST-1003,Rohan Verma,North,Home & Kitchen,Ergonomic Chair,2,168.5,337,UPI,Completed
ORD-2025496,19-10-2025,2025,Oct,2025-10,CUST-1003,Rohan Verma,North,Home & Kitchen,Coffee Maker,3,89.07,267.21,Net Banking,Completed
ORD-2025497,12-03-2025,2025,Mar,2025-03,CUST-1004,Ananya Iyer,South,Books & Media,Sci-Fi Novel,5,45.02,225.1,Net Banking,Completed
ORD-2025498,10-06-2025,2025,Jun,2025-06,CUST-1003,Rohan Verma,North,Home & Kitchen,Coffee Maker,3,234.7,704.1,Credit Card,Completed
ORD-2025499,14-01-2025,2025,Jan,2025-01,CUST-1001,Aarav Sharma,North,Home & Kitchen,Ergonomic Chair,5,247.63,1238.15,Debit Card,Completed
ORD-2025500,28-12-2025,2025,Dec,2025-12,CUST-1010,Sneha Kulkarni,West,Home & Kitchen,Ergonomic Chair,2,233.74,467.48,Credit Card,Completed
ORD-2025501,08-11-2025,2025,Nov,2025-11,CUST-1009,Amit Joshi,West,Clothing,Denim Jacket,1,111.4,111.4,Net Banking,Completed
ORD-2025502,02-08-2025,2025,Aug,2025-08,CUST-1007,Siddharth Rao,South,Clothing,Hoodie,5,57.83,289.15,Credit Card,Completed
ORD-2025503,10-06-2025,2025,Jun,2025-06,CUST-1003,Rohan Verma,North,Clothing,Denim Jacket,1,103.18,103.18,Debit Card,Completed
ORD-2025504,03-06-2025,2025,Jun,2025-06,CUST-1003,Rohan Verma,North,Books & Media,Sci-Fi Novel,3,24.39,73.17,UPI,Completed
ORD-2025505,25-02-2025,2025,Feb,2025-02,CUST-1006,Neha Gupta,East,Home & Kitchen,Blender,3,105.33,315.99,Net Banking,Completed
ORD-2025506,05-04-2025,2025,Apr,2025-04,CUST-1010,Sneha Kulkarni,West,Clothing,Running Shoes,3,22.5,67.5,Net Banking,Pending
ORD-2025507,31-01-2025,2025,Jan,2025-01,CUST-1005,Vikram Singh,West,Clothing,Denim Jacket,2,117.72,235.44,Net Banking,Completed
ORD-2025508,09-03-2025,2025,Mar,2025-03,CUST-1001,Aarav Sharma,North,Electronics,Smartphone,3,1101.95,3305.85,Credit Card,Completed
ORD-2025509,06-08-2025,2025,Aug,2025-08,CUST-1009,Amit Joshi,West,Electronics,Smartphone,5,611.19,3055.95,Credit Card,Completed
ORD-2025510,01-09-2025,2025,Sep,2025-09,CUST-1002,Priya Patel,West,Books & Media,Data Science Handbook,2,59.74,119.48,Net Banking,Completed
ORD-2025511,20-05-2025,2025,May,2025-05,CUST-1006,Neha Gupta,East,Books & Media,Sci-Fi Novel,2,28.6,57.2,Debit Card,Completed
ORD-2025512,27-09-2025,2025,Sep,2025-09,CUST-1008,Pooja Mukherjee,East,Home & Kitchen,Desk Lamp,4,324.4,1297.6,Debit Card,Completed
ORD-2025513,24-04-2025,2025,Apr,2025-04,CUST-1005,Vikram Singh,West,Clothing,Hoodie,2,92.55,185.1,Credit Card,Completed
ORD-2025514,25-03-2025,2025,Mar,2025-03,CUST-1010,Sneha Kulkarni,West,Books & Media,Python Programming Book,4,25.47,101.88,Credit Card,Pending
ORD-2025515,21-02-2025,2025,Feb,2025-02,CUST-1003,Rohan Verma,North,Books & Media,Audiobook Subscription,5,40.59,202.95,Credit Card,Completed
ORD-2025516,13-06-2025,2025,Jun,2025-06,CUST-1009,Amit Joshi,West,Home & Kitchen,Desk Lamp,4,81.27,325.08,UPI,Cancelled
ORD-2025517,15-06-2025,2025,Jun,2025-06,CUST-1004,Ananya Iyer,South,Home & Kitchen,Blender,3,229.55,688.65,Debit Card,Completed
ORD-2025518,08-07-2025,2025,Jul,2025-07,CUST-1005,Vikram Singh,West,Electronics,Smartwatch,2,1060.17,2120.34,Credit Card,Completed
ORD-2025519,01-04-2025,2025,Apr,2025-04,CUST-1004,Ananya Iyer,South,Books & Media,Data Science Handbook,2,24.97,49.94,Debit Card,Completed
ORD-2025520,07-05-2025,2025,May,2025-05,CUST-1006,Neha Gupta,East,Electronics,Smartwatch,5,1082.14,5410.7,UPI,Completed
ORD-2025521,28-07-2025,2025,Jul,2025-07,CUST-1001,Aarav Sharma,North,Home & Kitchen,Desk Lamp,4,119.17,476.68,Net Banking,Completed
ORD-2025522,28-06-2025,2025,Jun,2025-06,CUST-1001,Aarav Sharma,North,Clothing,Denim Jacket,3,25.19,75.57,UPI,Completed
ORD-2025523,15-02-2025,2025,Feb,2025-02,CUST-1003,Rohan Verma,North,Home & Kitchen,Desk Lamp,5,293.12,1465.6,UPI,Completed
ORD-2025524,01-01-2025,2025,Jan,2025-01,CUST-1009,Amit Joshi,West,Electronics,Smartwatch,3,444.92,1334.76,Credit Card,Pending
ORD-2025525,13-10-2025,2025,Oct,2025-10,CUST-1009,Amit Joshi,West,Home & Kitchen,Desk Lamp,3,41.74,125.22,UPI,Completed
ORD-2025526,06-07-2025,2025,Jul,2025-07,CUST-1001,Aarav Sharma,North,Clothing,Hoodie,3,21.96,65.88,Credit Card,Completed
ORD-2025527,28-08-2025,2025,Aug,2025-08,CUST-1002,Priya Patel,West,Electronics,Laptop,5,903.49,4517.45,Credit Card,Completed
ORD-2025528,14-08-2025,2025,Aug,2025-08,CUST-1007,Siddharth Rao,South,Home & Kitchen,Coffee Maker,1,205.49,205.49,Credit Card,Completed
ORD-2025529,02-07-2025,2025,Jul,2025-07,CUST-1003,Rohan Verma,North,Home & Kitchen,Blender,3,318.95,956.85,UPI,Completed
ORD-2025530,26-03-2025,2025,Mar,2025-03,CUST-1006,Neha Gupta,East,Home & Kitchen,Blender,4,137.38,549.52,UPI,Completed
ORD-2025531,04-10-2025,2025,Oct,2025-10,CUST-1004,Ananya Iyer,South,Home & Kitchen,Coffee Maker,4,44.75,179,UPI,Completed
ORD-2025532,06-06-2025,2025,Jun,2025-06,CUST-1006,Neha Gupta,East,Books & Media,Sci-Fi Novel,4,18.04,72.16,Debit Card,Completed
ORD-2025533,26-08-2025,2025,Aug,2025-08,CUST-1005,Vikram Singh,West,Books & Media,Data Science Handbook,4,41.2,164.8,Debit Card,Completed
ORD-2025534,21-11-2025,2025,Nov,2025-11,CUST-1006,Neha Gupta,East,Books & Media,Sci-Fi Novel,5,56.85,284.25,Credit Card,Completed
ORD-2025535,24-02-2025,2025,Feb,2025-02,CUST-1006,Neha Gupta,East,Books & Media,Audiobook Subscription,2,29.88,59.76,Net Banking,Completed
ORD-2025536,07-08-2025,2025,Aug,2025-08,CUST-1005,Vikram Singh,West,Electronics,Wireless Headphones,3,287.19,861.57,Net Banking,Completed
ORD-2025537,25-05-2025,2025,May,2025-05,CUST-1009,Amit Joshi,West,Home & Kitchen,Ergonomic Chair,4,253.51,1014.04,UPI,Completed
ORD-2025538,01-08-2025,2025,Aug,2025-08,CUST-1006,Neha Gupta,East,Home & Kitchen,Blender,2,70.48,140.96,Debit Card,Pending
ORD-2025539,26-11-2025,2025,Nov,2025-11,CUST-1010,Sneha Kulkarni,West,Clothing,Cotton T-Shirt,5,46.23,231.15,Net Banking,Pending
ORD-2025540,25-05-2025,2025,May,2025-05,CUST-1002,Priya Patel,West,Electronics,Smartwatch,3,340.49,1021.47,Credit Card,Completed
ORD-2025541,24-03-2025,2025,Mar,2025-03,CUST-1004,Ananya Iyer,South,Books & Media,Productivity Planner,4,49.57,198.28,Debit Card,Pending
ORD-2025542,19-12-2025,2025,Dec,2025-12,CUST-1006,Neha Gupta,East,Electronics,4K Monitor,3,1117.85,3353.55,Net Banking,Completed
ORD-2025543,04-09-2025,2025,Sep,2025-09,CUST-1004,Ananya Iyer,South,Home & Kitchen,Air Fryer,2,166.79,333.58,UPI,Completed
ORD-2025544,14-12-2025,2025,Dec,2025-12,CUST-1008,Pooja Mukherjee,East,Books & Media,Productivity Planner,2,51.45,102.9,Net Banking,Completed
ORD-2025545,04-12-2025,2025,Dec,2025-12,CUST-1004,Ananya Iyer,South,Clothing,Running Shoes,2,75.3,150.6,Net Banking,Completed
ORD-2025546,03-02-2025,2025,Feb,2025-02,CUST-1009,Amit Joshi,West,Home & Kitchen,Coffee Maker,2,297.62,595.24,UPI,Completed
ORD-2025547,21-04-2025,2025,Apr,2025-04,CUST-1004,Ananya Iyer,South,Books & Media,Productivity Planner,4,20.48,81.92,UPI,Completed
ORD-2025548,08-04-2025,2025,Apr,2025-04,CUST-1005,Vikram Singh,West,Home & Kitchen,Coffee Maker,2,136.69,273.38,UPI,Completed
ORD-2025549,31-08-2025,2025,Aug,2025-08,CUST-1010,Sneha Kulkarni,West,Clothing,Denim Jacket,5,34.47,172.35,Credit Card,Cancelled
ORD-2025550,03-04-2025,2025,Apr,2025-04,CUST-1006,Neha Gupta,East,Electronics,Smartwatch,4,563.19,2252.76,Net Banking,Completed
ORD-2025151,25-10-2025,2025,Oct,2025-10,CUST-1004,Ananya Iyer,South,Home & Kitchen,Desk Lamp,5,45.53,227.65,UPI,Completed
ORD-2025152,28-05-2025,2025,May,2025-05,CUST-1008,Pooja Mukherjee,East,Clothing,Cotton T-Shirt,1,116.97,116.97,Net Banking,Completed
ORD-2025153,15-02-2025,2025,Feb,2025-02,CUST-1008,Pooja Mukherjee,East,Home & Kitchen,Blender,3,180.94,542.82,UPI,Completed
ORD-2025154,26-07-2025,2025,Jul,2025-07,CUST-1007,Siddharth Rao,South,Clothing,Denim Jacket,3,60.17,180.51,UPI,Completed
ORD-2025155,16-11-2025,2025,Nov,2025-11,CUST-1006,Neha Gupta,East,Home & Kitchen,Desk Lamp,2,280.34,560.68,Debit Card,Completed
ORD-2025156,09-12-2025,2025,Dec,2025-12,CUST-1007,Siddharth Rao,South,Electronics,Smartwatch,1,322.7,322.7,Net Banking,Completed
ORD-2025157,09-07-2025,2025,Jul,2025-07,CUST-1006,Neha Gupta,East,Electronics,Wireless Headphones,2,712.14,1424.28,Credit Card,Completed
ORD-2025158,23-05-2025,2025,May,2025-05,CUST-1002,Priya Patel,West,Clothing,Leather Belt,3,86.91,260.73,Debit Card,Completed
ORD-2025159,19-09-2025,2025,Sep,2025-09,CUST-1005,Vikram Singh,West,Clothing,Hoodie,1,86.76,86.76,Credit Card,Completed
ORD-2025160,22-10-2025,2025,Oct,2025-10,CUST-1006,Neha Gupta,East,Books & Media,Python Programming Book,5,43.79,218.95,Debit Card,Completed
ORD-2025161,13-03-2025,2025,Mar,2025-03,CUST-1003,Rohan Verma,North,Clothing,Hoodie,2,61.88,123.76,Credit Card,Cancelled
ORD-2025162,09-06-2025,2025,Jun,2025-06,CUST-1006,Neha Gupta,East,Books & Media,Python Programming Book,5,12.98,64.9,Net Banking,Completed
ORD-2025163,09-04-2025,2025,Apr,2025-04,CUST-1005,Vikram Singh,West,Home & Kitchen,Coffee Maker,2,119.64,239.28,Net Banking,Completed
ORD-2025164,06-08-2025,2025,Aug,2025-08,CUST-1002,Priya Patel,West,Home & Kitchen,Blender,2,60.6,121.2,Credit Card,Completed
ORD-2025165,22-07-2025,2025,Jul,2025-07,CUST-1010,Sneha Kulkarni,West,Books & Media,Audiobook Subscription,3,12.22,36.66,UPI,Completed
ORD-2025166,30-08-2025,2025,Aug,2025-08,CUST-1004,Ananya Iyer,South,Home & Kitchen,Air Fryer,2,35.93,71.86,Net Banking,Completed
ORD-2025167,06-07-2025,2025,Jul,2025-07,CUST-1007,Siddharth Rao,South,Books & Media,Python Programming Book,5,47.25,236.25,Credit Card,Completed
ORD-2025168,07-12-2025,2025,Dec,2025-12,CUST-1002,Priya Patel,West,Clothing,Cotton T-Shirt,1,27.75,27.75,Debit Card,Pending
ORD-2025169,14-04-2025,2025,Apr,2025-04,CUST-1006,Neha Gupta,East,Clothing,Running Shoes,5,63.13,315.65,Net Banking,Completed
ORD-2025170,04-06-2025,2025,Jun,2025-06,CUST-1005,Vikram Singh,West,Clothing,Leather Belt,3,36.37,109.11,Credit Card,Completed
ORD-2025171,24-10-2025,2025,Oct,2025-10,CUST-1006,Neha Gupta,East,Books & Media,Productivity Planner,3,43.33,129.99,UPI,Cancelled
ORD-2025172,27-08-2025,2025,Aug,2025-08,CUST-1010,Sneha Kulkarni,West,Electronics,Laptop,4,541.24,2164.96,Net Banking,Completed
ORD-2025173,15-03-2025,2025,Mar,2025-03,CUST-1008,Pooja Mukherjee,East,Electronics,Laptop,3,855.16,2565.48,Credit Card,Completed
ORD-2025174,16-11-2025,2025,Nov,2025-11,CUST-1008,Pooja Mukherjee,East,Home & Kitchen,Ergonomic Chair,2,263.61,527.22,Debit Card,Completed
ORD-2025175,02-08-2025,2025,Aug,2025-08,CUST-1002,Priya Patel,West,Home & Kitchen,Coffee Maker,2,106.32,212.64,Credit Card,Cancelled
ORD-2025176,09-04-2025,2025,Apr,2025-04,CUST-1003,Rohan Verma,North,Clothing,Hoodie,2,97.14,194.28,Debit Card,Completed
ORD-2025177,07-04-2025,2025,Apr,2025-04,CUST-1009,Amit Joshi,West,Clothing,Denim Jacket,1,77.23,77.23,Net Banking,Pending
ORD-2025178,18-09-2025,2025,Sep,2025-09,CUST-1003,Rohan Verma,North,Books & Media,Data Science Handbook,1,15.48,15.48,Debit Card,Completed
ORD-2025179,10-11-2025,2025,Nov,2025-11,CUST-1010,Sneha Kulkarni,West,Electronics,Wireless Headphones,2,531.26,1062.52,Credit Card,Completed
ORD-2025180,17-12-2025,2025,Dec,2025-12,CUST-1009,Amit Joshi,West,Electronics,Laptop,2,412.89,825.78,UPI,Completed
ORD-2025181,18-07-2025,2025,Jul,2025-07,CUST-1009,Amit Joshi,West,Books & Media,Data Science Handbook,3,49.84,149.52,Credit Card,Completed
ORD-2025182,19-07-2025,2025,Jul,2025-07,CUST-1004,Ananya Iyer,South,Books & Media,Data Science Handbook,2,20.02,40.04,UPI,Completed
ORD-2025183,07-09-2025,2025,Sep,2025-09,CUST-1004,Ananya Iyer,South,Home & Kitchen,Coffee Maker,2,271.96,543.92,Net Banking,Completed
ORD-2025184,25-04-2025,2025,Apr,2025-04,CUST-1005,Vikram Singh,West,Home & Kitchen,Coffee Maker,4,271.94,1087.76,UPI,Completed
ORD-2025185,06-12-2025,2025,Dec,2025-12,CUST-1010,Sneha Kulkarni,West,Home & Kitchen,Desk Lamp,3,227.47,682.41,Credit Card,Completed
ORD-2025186,04-06-2025,2025,Jun,2025-06,CUST-1002,Priya Patel,West,Clothing,Denim Jacket,1,53.99,53.99,Debit Card,Completed
ORD-2025187,30-01-2025,2025,Jan,2025-01,CUST-1004,Ananya Iyer,South,Electronics,Smartwatch,4,220.52,882.08,Credit Card,Pending
ORD-2025188,06-04-2025,2025,Apr,2025-04,CUST-1007,Siddharth Rao,South,Books & Media,Sci-Fi Novel,2,28.45,56.9,Net Banking,Pending
ORD-2025189,12-03-2025,2025,Mar,2025-03,CUST-1003,Rohan Verma,North,Books & Media,Sci-Fi Novel,4,55.99,223.96,Credit Card,Completed
ORD-2025190,24-02-2025,2025,Feb,2025-02,CUST-1001,Aarav Sharma,North,Books & Media,Sci-Fi Novel,3,32.84,98.52,Net Banking,Completed
ORD-2025191,03-09-2025,2025,Sep,2025-09,CUST-1004,Ananya Iyer,South,Clothing,Leather Belt,4,92.99,371.96,Credit Card,Completed
ORD-2025192,04-09-2025,2025,Sep,2025-09,CUST-1002,Priya Patel,West,Electronics,Smartwatch,3,384.63,1153.89,Debit Card,Completed
ORD-2025193,09-02-2025,2025,Feb,2025-02,CUST-1009,Amit Joshi,West,Clothing,Hoodie,4,68.54,274.16,Debit Card,Completed
ORD-2025194,22-12-2025,2025,Dec,2025-12,CUST-1001,Aarav Sharma,North,Home & Kitchen,Ergonomic Chair,2,63.02,126.04,Net Banking,Completed
ORD-2025195,23-03-2025,2025,Mar,2025-03,CUST-1009,Amit Joshi,West,Clothing,Hoodie,5,90.81,454.05,UPI,Completed
ORD-2025196,20-12-2025,2025,Dec,2025-12,CUST-1002,Priya Patel,West,Clothing,Running Shoes,2,20.37,40.74,Debit Card,Completed
ORD-2025197,17-03-2025,2025,Mar,2025-03,CUST-1008,Pooja Mukherjee,East,Books & Media,Sci-Fi Novel,2,19.2,38.4,UPI,Completed
ORD-2025198,04-09-2025,2025,Sep,2025-09,CUST-1001,Aarav Sharma,North,Clothing,Cotton T-Shirt,1,99.62,99.62,Net Banking,Completed
ORD-2025199,03-01-2025,2025,Jan,2025-01,CUST-1001,Aarav Sharma,North,Home & Kitchen,Coffee Maker,2,79.43,158.86,UPI,Cancelled
ORD-2025200,29-07-2025,2025,Jul,2025-07,CUST-1004,Ananya Iyer,South,Clothing,Cotton T-Shirt,5,30.42,152.1,Net Banking,Completed
ORD-2025201,23-12-2025,2025,Dec,2025-12,CUST-1007,Siddharth Rao,South,Home & Kitchen,Blender,3,213.47,640.41,Net Banking,Completed
ORD-2025202,05-08-2025,2025,Aug,2025-08,CUST-1003,Rohan Verma,North,Clothing,Denim Jacket,5,54.65,273.25,Debit Card,Completed
ORD-2025203,03-04-2025,2025,Apr,2025-04,CUST-1005,Vikram Singh,West,Clothing,Leather Belt,5,66.81,334.05,UPI,Completed
ORD-2025204,11-02-2025,2025,Feb,2025-02,CUST-1007,Siddharth Rao,South,Books & Media,Python Programming Book,5,25.16,125.8,UPI,Completed
ORD-2025205,27-07-2025,2025,Jul,2025-07,CUST-1001,Aarav Sharma,North,Home & Kitchen,Ergonomic Chair,2,56.21,112.42,UPI,Completed
ORD-2025206,12-10-2025,2025,Oct,2025-10,CUST-1005,Vikram Singh,West,Electronics,Smartphone,4,1099.96,4399.84,Net Banking,Cancelled
ORD-2025207,16-09-2025,2025,Sep,2025-09,CUST-1004,Ananya Iyer,South,Books & Media,Data Science Handbook,3,21.56,64.68,UPI,Completed
ORD-2025208,27-08-2025,2025,Aug,2025-08,CUST-1004,Ananya Iyer,South,Home & Kitchen,Desk Lamp,4,132.59,530.36,Debit Card,Completed
ORD-2025209,20-01-2025,2025,Jan,2025-01,CUST-1006,Neha Gupta,East,Books & Media,Python Programming Book,3,50.04,150.12,Net Banking,Completed
ORD-2025210,05-02-2025,2025,Feb,2025-02,CUST-1001,Aarav Sharma,North,Electronics,Smartwatch,2,502.98,1005.96,Net Banking,Completed
ORD-2025211,31-03-2025,2025,Mar,2025-03,CUST-1009,Amit Joshi,West,Clothing,Running Shoes,3,69.24,207.72,Net Banking,Completed
ORD-2025212,25-10-2025,2025,Oct,2025-10,CUST-1002,Priya Patel,West,Clothing,Cotton T-Shirt,1,87.66,87.66,UPI,Completed
ORD-2025213,09-12-2025,2025,Dec,2025-12,CUST-1006,Neha Gupta,East,Home & Kitchen,Air Fryer,2,212.18,424.36,Debit Card,Completed
ORD-2025214,23-09-2025,2025,Sep,2025-09,CUST-1004,Ananya Iyer,South,Books & Media,Python Programming Book,3,11.18,33.54,UPI,Completed
ORD-2025215,19-06-2025,2025,Jun,2025-06,CUST-1003,Rohan Verma,North,Electronics,Wireless Headphones,5,171.06,855.3,Net Banking,Completed
ORD-2025216,10-01-2025,2025,Jan,2025-01,CUST-1004,Ananya Iyer,South,Clothing,Denim Jacket,3,70.5,211.5,Debit Card,Completed
ORD-2025217,25-06-2025,2025,Jun,2025-06,CUST-1002,Priya Patel,West,Books & Media,Productivity Planner,3,29.37,88.11,Debit Card,Completed
ORD-2025218,25-02-2025,2025,Feb,2025-02,CUST-1005,Vikram Singh,West,Home & Kitchen,Ergonomic Chair,1,180.26,180.26,Debit Card,Completed
ORD-2025219,11-01-2025,2025,Jan,2025-01,CUST-1004,Ananya Iyer,South,Books & Media,Data Science Handbook,5,15.51,77.55,UPI,Pending
ORD-2025220,31-10-2025,2025,Oct,2025-10,CUST-1005,Vikram Singh,West,Clothing,Leather Belt,4,100.62,402.48,Credit Card,Pending
ORD-2025221,26-05-2025,2025,May,2025-05,CUST-1006,Neha Gupta,East,Clothing,Denim Jacket,5,93.93,469.65,Net Banking,Completed
ORD-2025222,27-12-2025,2025,Dec,2025-12,CUST-1003,Rohan Verma,North,Home & Kitchen,Ergonomic Chair,1,264.66,264.66,Debit Card,Completed
ORD-2025223,28-03-2025,2025,Mar,2025-03,CUST-1007,Siddharth Rao,South,Electronics,4K Monitor,2,308.93,617.86,Debit Card,Completed
ORD-2025224,19-07-2025,2025,Jul,2025-07,CUST-1003,Rohan Verma,North,Books & Media,Data Science Handbook,5,29.01,145.05,Net Banking,Completed
ORD-2025225,10-02-2025,2025,Feb,2025-02,CUST-1002,Priya Patel,West,Electronics,Smartwatch,4,247.05,988.2,UPI,Completed
ORD-2025226,11-05-2025,2025,May,2025-05,CUST-1009,Amit Joshi,West,Books & Media,Python Programming Book,4,19.1,76.4,UPI,Pending
ORD-2025227,26-12-2025,2025,Dec,2025-12,CUST-1004,Ananya Iyer,South,Electronics,4K Monitor,5,1106.66,5533.3,Credit Card,Completed
ORD-2025228,15-04-2025,2025,Apr,2025-04,CUST-1006,Neha Gupta,East,Clothing,Leather Belt,1,23.68,23.68,UPI,Completed
ORD-2025229,24-11-2025,2025,Nov,2025-11,CUST-1004,Ananya Iyer,South,Books & Media,Audiobook Subscription,3,32.37,97.11,Credit Card,Completed
ORD-2025230,31-05-2025,2025,May,2025-05,CUST-1003,Rohan Verma,North,Electronics,4K Monitor,2,959.69,1919.38,Net Banking,Completed
ORD-2025231,06-01-2025,2025,Jan,2025-01,CUST-1001,Aarav Sharma,North,Electronics,Laptop,2,161.9,323.8,Debit Card,Pending
ORD-2025232,26-05-2025,2025,May,2025-05,CUST-1001,Aarav Sharma,North,Electronics,Smartphone,1,808.14,808.14,Debit Card,Completed
ORD-2025233,20-05-2025,2025,May,2025-05,CUST-1002,Priya Patel,West,Books & Media,Sci-Fi Novel,3,48.03,144.09,Debit Card,Completed
ORD-2025234,02-05-2025,2025,May,2025-05,CUST-1006,Neha Gupta,East,Clothing,Running Shoes,4,80.75,323,Net Banking,Completed
ORD-2025235,08-10-2025,2025,Oct,2025-10,CUST-1004,Ananya Iyer,South,Clothing,Denim Jacket,4,34.17,136.68,Net Banking,Completed
ORD-2025236,06-10-2025,2025,Oct,2025-10,CUST-1005,Vikram Singh,West,Electronics,Smartwatch,3,1166.87,3500.61,Net Banking,Completed
ORD-2025237,06-05-2025,2025,May,2025-05,CUST-1007,Siddharth Rao,South,Home & Kitchen,Blender,3,220.84,662.52,Credit Card,Pending
ORD-2025238,03-04-2025,2025,Apr,2025-04,CUST-1006,Neha Gupta,East,Clothing,Denim Jacket,5,57.72,288.6,Debit Card,Completed
ORD-2025239,28-11-2025,2025,Nov,2025-11,CUST-1006,Neha Gupta,East,Home & Kitchen,Blender,1,275.52,275.52,Credit Card,Pending
ORD-2025240,26-12-2025,2025,Dec,2025-12,CUST-1006,Neha Gupta,East,Clothing,Leather Belt,1,69.53,69.53,Net Banking,Cancelled
ORD-2025241,02-04-2025,2025,Apr,2025-04,CUST-1008,Pooja Mukherjee,East,Electronics,Wireless Headphones,5,235.72,1178.6,Debit Card,Completed
ORD-2025242,17-12-2025,2025,Dec,2025-12,CUST-1005,Vikram Singh,West,Electronics,4K Monitor,3,198.56,595.68,UPI,Completed
ORD-2025243,03-01-2025,2025,Jan,2025-01,CUST-1003,Rohan Verma,North,Books & Media,Python Programming Book,1,22.34,22.34,Net Banking,Completed
ORD-2025244,16-05-2025,2025,May,2025-05,CUST-1008,Pooja Mukherjee,East,Electronics,Smartphone,4,629.16,2516.64,Debit Card,Completed
ORD-2025245,22-05-2025,2025,May,2025-05,CUST-1009,Amit Joshi,West,Books & Media,Audiobook Subscription,5,42.02,210.1,Net Banking,Completed
ORD-2025246,01-04-2025,2025,Apr,2025-04,CUST-1007,Siddharth Rao,South,Books & Media,Python Programming Book,3,22.23,66.69,Debit Card,Completed
ORD-2025247,18-02-2025,2025,Feb,2025-02,CUST-1001,Aarav Sharma,North,Home & Kitchen,Desk Lamp,3,183.15,549.45,Debit Card,Completed
ORD-2025248,14-06-2025,2025,Jun,2025-06,CUST-1003,Rohan Verma,North,Electronics,Wireless Headphones,5,249.24,1246.2,Debit Card,Completed
ORD-2025249,01-09-2025,2025,Sep,2025-09,CUST-1005,Vikram Singh,West,Home & Kitchen,Ergonomic Chair,5,300.34,1501.7,Credit Card,Completed
ORD-2025250,30-04-2025,2025,Apr,2025-04,CUST-1006,Neha Gupta,East,Home & Kitchen,Ergonomic Chair,2,264.4,528.8,Debit Card,Completed
ORD-2025251,18-05-2025,2025,May,2025-05,CUST-1006,Neha Gupta,East,Books & Media,Sci-Fi Novel,4,45.52,182.08,Credit Card,Completed
ORD-2025252,30-09-2025,2025,Sep,2025-09,CUST-1010,Sneha Kulkarni,West,Books & Media,Data Science Handbook,3,31.15,93.45,UPI,Completed
ORD-2025253,26-11-2025,2025,Nov,2025-11,CUST-1007,Siddharth Rao,South,Books & Media,Sci-Fi Novel,5,34.2,171,Debit Card,Completed
ORD-2025254,27-12-2025,2025,Dec,2025-12,CUST-1002,Priya Patel,West,Electronics,Laptop,2,1100.99,2201.98,Debit Card,Completed
ORD-2025255,12-04-2025,2025,Apr,2025-04,CUST-1001,Aarav Sharma,North,Electronics,Smartphone,3,145,435,Debit Card,Completed
ORD-2025256,29-10-2025,2025,Oct,2025-10,CUST-1005,Vikram Singh,West,Books & Media,Python Programming Book,1,55.97,55.97,UPI,Completed
ORD-2025257,24-01-2025,2025,Jan,2025-01,CUST-1008,Pooja Mukherjee,East,Clothing,Denim Jacket,4,102.98,411.92,Debit Card,Completed
ORD-2025258,11-03-2025,2025,Mar,2025-03,CUST-1010,Sneha Kulkarni,West,Electronics,Smartphone,2,1194.08,2388.16,Credit Card,Completed
ORD-2025259,04-10-2025,2025,Oct,2025-10,CUST-1005,Vikram Singh,West,Clothing,Cotton T-Shirt,2,59.06,118.12,UPI,Completed
ORD-2025260,24-04-2025,2025,Apr,2025-04,CUST-1010,Sneha Kulkarni,West,Books & Media,Audiobook Subscription,4,41.58,166.32,Debit Card,Pending
ORD-2025261,13-06-2025,2025,Jun,2025-06,CUST-1005,Vikram Singh,West,Clothing,Cotton T-Shirt,4,51.25,205,Net Banking,Completed
ORD-2025262,12-04-2025,2025,Apr,2025-04,CUST-1009,Amit Joshi,West,Books & Media,Data Science Handbook,4,30.86,123.44,Credit Card,Completed
ORD-2025263,05-01-2025,2025,Jan,2025-01,CUST-1006,Neha Gupta,East,Books & Media,Sci-Fi Novel,2,30.14,60.28,Net Banking,Completed
ORD-2025264,27-04-2025,2025,Apr,2025-04,CUST-1001,Aarav Sharma,North,Home & Kitchen,Blender,4,97.97,391.88,UPI,Completed
ORD-2025265,05-02-2025,2025,Feb,2025-02,CUST-1005,Vikram Singh,West,Home & Kitchen,Desk Lamp,2,261.44,522.88,UPI,Completed
ORD-2025266,25-01-2025,2025,Jan,2025-01,CUST-1006,Neha Gupta,East,Electronics,4K Monitor,3,475.3,1425.9,Credit Card,Completed
ORD-2025267,05-07-2025,2025,Jul,2025-07,CUST-1010,Sneha Kulkarni,West,Clothing,Running Shoes,2,68.74,137.48,Debit Card,Completed
ORD-2025268,18-12-2025,2025,Dec,2025-12,CUST-1002,Priya Patel,West,Books & Media,Python Programming Book,3,52.77,158.31,Debit Card,Completed
ORD-2025269,29-09-2025,2025,Sep,2025-09,CUST-1010,Sneha Kulkarni,West,Books & Media,Productivity Planner,4,20.17,80.68,Debit Card,Completed
ORD-2025270,20-02-2025,2025,Feb,2025-02,CUST-1002,Priya Patel,West,Clothing,Leather Belt,3,88.25,264.75,Credit Card,Completed
ORD-2025271,16-06-2025,2025,Jun,2025-06,CUST-1002,Priya Patel,West,Books & Media,Productivity Planner,5,23.81,119.05,Credit Card,Completed
ORD-2025272,24-01-2025,2025,Jan,2025-01,CUST-1001,Aarav Sharma,North,Electronics,Smartphone,4,1041.56,4166.24,Credit Card,Completed
ORD-2025273,02-03-2025,2025,Mar,2025-03,CUST-1006,Neha Gupta,East,Clothing,Leather Belt,1,78.85,78.85,Credit Card,Completed
ORD-2025274,25-06-2025,2025,Jun,2025-06,CUST-1007,Siddharth Rao,South,Clothing,Denim Jacket,1,40.32,40.32,Credit Card,Completed
ORD-2025275,04-04-2025,2025,Apr,2025-04,CUST-1007,Siddharth Rao,South,Electronics,4K Monitor,2,789.2,1578.4,Net Banking,Completed
ORD-2025276,25-02-2025,2025,Feb,2025-02,CUST-1010,Sneha Kulkarni,West,Clothing,Denim Jacket,4,79.06,316.24,Credit Card,Completed
ORD-2025277,07-05-2025,2025,May,2025-05,CUST-1003,Rohan Verma,North,Clothing,Denim Jacket,4,72.43,289.72,Credit Card,Completed
ORD-2025278,04-12-2025,2025,Dec,2025-12,CUST-1009,Amit Joshi,West,Electronics,Wireless Headphones,4,331.1,1324.4,Credit Card,Completed
ORD-2025279,28-06-2025,2025,Jun,2025-06,CUST-1008,Pooja Mukherjee,East,Home & Kitchen,Ergonomic Chair,5,157.15,785.75,Net Banking,Completed
ORD-2025280,18-09-2025,2025,Sep,2025-09,CUST-1008,Pooja Mukherjee,East,Electronics,Smartwatch,1,947.17,947.17,Debit Card,Completed
ORD-2025281,15-03-2025,2025,Mar,2025-03,CUST-1004,Ananya Iyer,South,Electronics,Wireless Headphones,5,409.02,2045.1,UPI,Completed
ORD-2025282,09-04-2025,2025,Apr,2025-04,CUST-1007,Siddharth Rao,South,Electronics,Wireless Headphones,5,445.84,2229.2,Credit Card,Completed
ORD-2025283,17-11-2025,2025,Nov,2025-11,CUST-1009,Amit Joshi,West,Books & Media,Data Science Handbook,1,26.39,26.39,Net Banking,Completed
ORD-2025284,27-08-2025,2025,Aug,2025-08,CUST-1003,Rohan Verma,North,Electronics,Wireless Headphones,4,517.67,2070.68,Net Banking,Completed
ORD-2025285,02-06-2025,2025,Jun,2025-06,CUST-1003,Rohan Verma,North,Books & Media,Python Programming Book,1,54.3,54.3,Credit Card,Pending
ORD-2025286,06-02-2025,2025,Feb,2025-02,CUST-1001,Aarav Sharma,North,Electronics,Wireless Headphones,3,470.65,1411.95,Credit Card,Completed
ORD-2025287,26-09-2025,2025,Sep,2025-09,CUST-1002,Priya Patel,West,Books & Media,Audiobook Subscription,2,19.45,38.9,Credit Card,Completed
ORD-2025288,12-05-2025,2025,May,2025-05,CUST-1006,Neha Gupta,East,Clothing,Denim Jacket,2,106.59,213.18,Net Banking,Completed
ORD-2025289,09-05-2025,2025,May,2025-05,CUST-1007,Siddharth Rao,South,Electronics,Laptop,5,234.47,1172.35,Net Banking,Completed
ORD-2025290,28-08-2025,2025,Aug,2025-08,CUST-1003,Rohan Verma,North,Books & Media,Sci-Fi Novel,5,45.34,226.7,Net Banking,Completed
ORD-2025291,17-08-2025,2025,Aug,2025-08,CUST-1009,Amit Joshi,West,Electronics,Wireless Headphones,1,242.42,242.42,Credit Card,Completed
ORD-2025292,26-05-2025,2025,May,2025-05,CUST-1008,Pooja Mukherjee,East,Books & Media,Audiobook Subscription,3,27.33,81.99,Net Banking,Completed
ORD-2025293,12-12-2025,2025,Dec,2025-12,CUST-1004,Ananya Iyer,South,Home & Kitchen,Blender,4,251.52,1006.08,Debit Card,Completed
ORD-2025294,08-05-2025,2025,May,2025-05,CUST-1003,Rohan Verma,North,Home & Kitchen,Ergonomic Chair,1,168.11,168.11,Net Banking,Pending
ORD-2025295,09-02-2025,2025,Feb,2025-02,CUST-1007,Siddharth Rao,South,Clothing,Denim Jacket,3,73.97,221.91,Debit Card,Completed
ORD-2025296,15-02-2025,2025,Feb,2025-02,CUST-1005,Vikram Singh,West,Clothing,Denim Jacket,2,34.99,69.98,Credit Card,Completed
ORD-2025297,07-11-2025,2025,Nov,2025-11,CUST-1008,Pooja Mukherjee,East,Electronics,Wireless Headphones,4,124.08,496.32,Debit Card,Completed
ORD-2025298,21-06-2025,2025,Jun,2025-06,CUST-1002,Priya Patel,West,Books & Media,Audiobook Subscription,3,13.54,40.62,Net Banking,Completed
ORD-2025299,04-04-2025,2025,Apr,2025-04,CUST-1002,Priya Patel,West,Books & Media,Python Programming Book,4,12.52,50.08,UPI,Completed
ORD-2025300,05-11-2025,2025,Nov,2025-11,CUST-1001,Aarav Sharma,North,Clothing,Leather Belt,3,77.14,231.42,Credit Card,Completed
ORD-2025301,01-10-2025,2025,Oct,2025-10,CUST-1007,Siddharth Rao,South,Home & Kitchen,Coffee Maker,5,172.8,864,Credit Card,Completed
ORD-2025302,28-07-2025,2025,Jul,2025-07,CUST-1006,Neha Gupta,East,Home & Kitchen,Ergonomic Chair,5,78.62,393.1,Debit Card,Completed
ORD-2025303,26-05-2025,2025,May,2025-05,CUST-1006,Neha Gupta,East,Books & Media,Sci-Fi Novel,1,37.09,37.09,Net Banking,Cancelled
ORD-2025304,27-01-2025,2025,Jan,2025-01,CUST-1007,Siddharth Rao,South,Home & Kitchen,Blender,4,101.57,406.28,Credit Card,Completed
ORD-2025305,21-08-2025,2025,Aug,2025-08,CUST-1007,Siddharth Rao,South,Books & Media,Data Science Handbook,1,55.7,55.7,Credit Card,Completed
ORD-2025306,25-01-2025,2025,Jan,2025-01,CUST-1006,Neha Gupta,East,Electronics,Laptop,5,692.58,3462.9,Debit Card,Cancelled
ORD-2025307,25-02-2025,2025,Feb,2025-02,CUST-1007,Siddharth Rao,South,Electronics,4K Monitor,4,814.44,3257.76,UPI,Completed
ORD-2025308,05-09-2025,2025,Sep,2025-09,CUST-1004,Ananya Iyer,South,Books & Media,Sci-Fi Novel,5,39.08,195.4,Net Banking,Completed
ORD-2025309,12-04-2025,2025,Apr,2025-04,CUST-1007,Siddharth Rao,South,Electronics,4K Monitor,1,980.3,980.3,Net Banking,Completed
ORD-2025310,18-02-2025,2025,Feb,2025-02,CUST-1009,Amit Joshi,West,Clothing,Cotton T-Shirt,5,109.35,546.75,Credit Card,Completed
ORD-2025311,30-03-2025,2025,Mar,2025-03,CUST-1001,Aarav Sharma,North,Books & Media,Audiobook Subscription,4,33.37,133.48,Net Banking,Completed
ORD-2025312,12-12-2025,2025,Dec,2025-12,CUST-1004,Ananya Iyer,South,Clothing,Denim Jacket,3,96.61,289.83,Debit Card,Completed
ORD-2025313,25-05-2025,2025,May,2025-05,CUST-1004,Ananya Iyer,South,Home & Kitchen,Desk Lamp,4,167.69,670.76,Debit Card,Completed
ORD-2025314,26-06-2025,2025,Jun,2025-06,CUST-1001,Aarav Sharma,North,Books & Media,Audiobook Subscription,4,19.08,76.32,Credit Card,Cancelled
ORD-2025315,25-06-2025,2025,Jun,2025-06,CUST-1002,Priya Patel,West,Books & Media,Audiobook Subscription,2,26.3,52.6,Net Banking,Completed
ORD-2025316,16-04-2025,2025,Apr,2025-04,CUST-1003,Rohan Verma,North,Electronics,Laptop,3,507.1,1521.3,Credit Card,Completed
ORD-2025317,27-05-2025,2025,May,2025-05,CUST-1007,Siddharth Rao,South,Clothing,Denim Jacket,2,40.73,81.46,Credit Card,Cancelled
ORD-2025318,13-09-2025,2025,Sep,2025-09,CUST-1005,Vikram Singh,West,Home & Kitchen,Blender,5,312.47,1562.35,Net Banking,Completed
ORD-2025319,01-06-2025,2025,Jun,2025-06,CUST-1001,Aarav Sharma,North,Home & Kitchen,Blender,3,195.72,587.16,Credit Card,Completed
ORD-2025320,01-04-2025,2025,Apr,2025-04,CUST-1006,Neha Gupta,East,Home & Kitchen,Air Fryer,5,215.9,1079.5,Net Banking,Pending
ORD-2025321,06-12-2025,2025,Dec,2025-12,CUST-1001,Aarav Sharma,North,Books & Media,Python Programming Book,2,52.26,104.52,UPI,Pending
ORD-2025322,26-11-2025,2025,Nov,2025-11,CUST-1001,Aarav Sharma,North,Books & Media,Audiobook Subscription,5,38.64,193.2,Net Banking,Completed
ORD-2025323,10-02-2025,2025,Feb,2025-02,CUST-1007,Siddharth Rao,South,Clothing,Leather Belt,2,87.06,174.12,Debit Card,Completed
ORD-2025324,20-12-2025,2025,Dec,2025-12,CUST-1005,Vikram Singh,West,Home & Kitchen,Coffee Maker,5,333.87,1669.35,Debit Card,Completed
ORD-2025325,30-10-2025,2025,Oct,2025-10,CUST-1009,Amit Joshi,West,Books & Media,Python Programming Book,4,30.79,123.16,Debit Card,Completed
ORD-2025326,07-07-2025,2025,Jul,2025-07,CUST-1007,Siddharth Rao,South,Home & Kitchen,Air Fryer,3,68.19,204.57,UPI,Completed
ORD-2025327,16-03-2025,2025,Mar,2025-03,CUST-1010,Sneha Kulkarni,West,Electronics,Smartwatch,3,1040.36,3121.08,Net Banking,Completed
ORD-2025328,14-06-2025,2025,Jun,2025-06,CUST-1010,Sneha Kulkarni,West,Electronics,Smartwatch,5,733.74,3668.7,UPI,Completed
ORD-2025329,19-12-2025,2025,Dec,2025-12,CUST-1010,Sneha Kulkarni,West,Clothing,Cotton T-Shirt,1,55.33,55.33,UPI,Completed
ORD-2025330,13-07-2025,2025,Jul,2025-07,CUST-1008,Pooja Mukherjee,East,Clothing,Leather Belt,4,34.56,138.24,Debit Card,Completed
ORD-2025331,27-07-2025,2025,Jul,2025-07,CUST-1007,Siddharth Rao,South,Books & Media,Productivity Planner,3,11.14,33.42,Debit Card,Completed
ORD-2025332,20-04-2025,2025,Apr,2025-04,CUST-1003,Rohan Verma,North,Clothing,Hoodie,1,33.44,33.44,Credit Card,Completed
ORD-2025333,24-02-2025,2025,Feb,2025-02,CUST-1002,Priya Patel,West,Home & Kitchen,Desk Lamp,5,266.34,1331.7,Debit Card,Completed
ORD-2025334,22-09-2025,2025,Sep,2025-09,CUST-1009,Amit Joshi,West,Electronics,Wireless Headphones,3,228.38,685.14,UPI,Completed
ORD-2025335,27-07-2025,2025,Jul,2025-07,CUST-1006,Neha Gupta,East,Clothing,Leather Belt,4,46.17,184.68,UPI,Pending
ORD-2025336,26-07-2025,2025,Jul,2025-07,CUST-1005,Vikram Singh,West,Electronics,Laptop,5,337.75,1688.75,Debit Card,Completed
ORD-2025337,30-09-2025,2025,Sep,2025-09,CUST-1004,Ananya Iyer,South,Home & Kitchen,Ergonomic Chair,5,310.1,1550.5,Net Banking,Cancelled
ORD-2025338,16-12-2025,2025,Dec,2025-12,CUST-1003,Rohan Verma,North,Home & Kitchen,Air Fryer,5,52.08,260.4,Net Banking,Completed
ORD-2025339,16-01-2025,2025,Jan,2025-01,CUST-1004,Ananya Iyer,South,Electronics,4K Monitor,3,1109.41,3328.23,Debit Card,Completed
ORD-2025340,10-08-2025,2025,Aug,2025-08,CUST-1006,Neha Gupta,East,Clothing,Running Shoes,2,61.14,122.28,Debit Card,Completed
ORD-2025341,27-11-2025,2025,Nov,2025-11,CUST-1005,Vikram Singh,West,Electronics,Wireless Headphones,2,1147.42,2294.84,Debit Card,Completed
ORD-2025342,14-03-2025,2025,Mar,2025-03,CUST-1007,Siddharth Rao,South,Electronics,Smartwatch,2,1000.15,2000.3,UPI,Completed
ORD-2025343,18-01-2025,2025,Jan,2025-01,CUST-1003,Rohan Verma,North,Electronics,Smartwatch,2,1046.91,2093.82,Debit Card,Completed
ORD-2025344,27-08-2025,2025,Aug,2025-08,CUST-1005,Vikram Singh,West,Electronics,Smartwatch,3,169.15,507.45,Credit Card,Completed
ORD-2025345,05-09-2025,2025,Sep,2025-09,CUST-1005,Vikram Singh,West,Books & Media,Data Science Handbook,5,31.52,157.6,UPI,Completed
ORD-2025346,14-04-2025,2025,Apr,2025-04,CUST-1001,Aarav Sharma,North,Electronics,Smartphone,4,691.3,2765.2,Debit Card,Completed
ORD-2025347,03-06-2025,2025,Jun,2025-06,CUST-1008,Pooja Mukherjee,East,Clothing,Denim Jacket,2,28.19,56.38,Debit Card,Pending
ORD-2025348,14-08-2025,2025,Aug,2025-08,CUST-1006,Neha Gupta,East,Clothing,Leather Belt,2,49.02,98.04,Debit Card,Completed
ORD-2025349,05-09-2025,2025,Sep,2025-09,CUST-1007,Siddharth Rao,South,Home & Kitchen,Desk Lamp,1,244.28,244.28,UPI,Completed
ORD-2025350,29-04-2025,2025,Apr,2025-04,CUST-1009,Amit Joshi,West,Books & Media,Data Science Handbook,1,30.6,30.6,Credit Card,Pending
